,metric,method,truncation_mode,level,k,silhouette,DBscore
0,cityblock,complete,,2,6,0.2954474489331907,1.974590276425011
1,cityblock,complete,,2,7,0.3183397017566601,1.8879535975734194
2,cityblock,complete,,2,8,0.3185684313910286,1.7014615264037491
3,cityblock,complete,,2,9,0.3168761151980331,1.7649595444824686
4,cityblock,complete,,2,10,0.2979643023417871,1.6974154497986356
5,cityblock,complete,,3,6,0.2954474489331907,1.974590276425011
6,cityblock,complete,,3,7,0.3183397017566601,1.8879535975734194
7,cityblock,complete,,3,8,0.3185684313910286,1.7014615264037491
8,cityblock,complete,,3,9,0.3168761151980331,1.7649595444824686
9,cityblock,complete,,3,10,0.2979643023417871,1.6974154497986356
10,cityblock,complete,,4,6,0.2954474489331907,1.974590276425011
11,cityblock,complete,,4,7,0.3183397017566601,1.8879535975734194
12,cityblock,complete,,4,8,0.3185684313910286,1.7014615264037491
13,cityblock,complete,,4,9,0.3168761151980331,1.7649595444824686
14,cityblock,complete,,4,10,0.2979643023417871,1.6974154497986356
15,cityblock,complete,lastp,2,6,0.2954474489331907,1.974590276425011
16,cityblock,complete,lastp,2,7,0.3183397017566601,1.8879535975734194
17,cityblock,complete,lastp,2,8,0.3185684313910286,1.7014615264037491
18,cityblock,complete,lastp,2,9,0.3168761151980331,1.7649595444824686
19,cityblock,complete,lastp,2,10,0.2979643023417871,1.6974154497986356
20,cityblock,complete,lastp,3,6,0.2954474489331907,1.974590276425011
21,cityblock,complete,lastp,3,7,0.3183397017566601,1.8879535975734194
22,cityblock,complete,lastp,3,8,0.3185684313910286,1.7014615264037491
23,cityblock,complete,lastp,3,9,0.3168761151980331,1.7649595444824686
24,cityblock,complete,lastp,3,10,0.2979643023417871,1.6974154497986356
25,cityblock,complete,lastp,4,6,0.2954474489331907,1.974590276425011
26,cityblock,complete,lastp,4,7,0.3183397017566601,1.8879535975734194
27,cityblock,complete,lastp,4,8,0.3185684313910286,1.7014615264037491
28,cityblock,complete,lastp,4,9,0.3168761151980331,1.7649595444824686
29,cityblock,complete,lastp,4,10,0.2979643023417871,1.6974154497986356
30,cityblock,complete,level,2,6,0.2954474489331907,1.974590276425011
31,cityblock,complete,level,2,7,0.3183397017566601,1.8879535975734194
32,cityblock,complete,level,2,8,0.3185684313910286,1.7014615264037491
33,cityblock,complete,level,2,9,0.3168761151980331,1.7649595444824686
34,cityblock,complete,level,2,10,0.2979643023417871,1.6974154497986356
35,cityblock,complete,level,3,6,0.2954474489331907,1.974590276425011
36,cityblock,complete,level,3,7,0.3183397017566601,1.8879535975734194
37,cityblock,complete,level,3,8,0.3185684313910286,1.7014615264037491
38,cityblock,complete,level,3,9,0.3168761151980331,1.7649595444824686
39,cityblock,complete,level,3,10,0.2979643023417871,1.6974154497986356
40,cityblock,complete,level,4,6,0.2954474489331907,1.974590276425011
41,cityblock,complete,level,4,7,0.3183397017566601,1.8879535975734194
42,cityblock,complete,level,4,8,0.3185684313910286,1.7014615264037491
43,cityblock,complete,level,4,9,0.3168761151980331,1.7649595444824686
44,cityblock,complete,level,4,10,0.2979643023417871,1.6974154497986356
45,cityblock,single,,2,6,0.18221209276768402,0.6226176774601396
46,cityblock,single,,2,7,0.08369839791937297,0.6881497489025001
47,cityblock,single,,2,8,0.08341149197748819,0.6727048801711283
48,cityblock,single,,2,9,0.08142161759570607,0.6551999203446441
49,cityblock,single,,2,10,0.06945550711055022,0.6598719256975094
50,cityblock,single,,3,6,0.18221209276768402,0.6226176774601396
51,cityblock,single,,3,7,0.08369839791937297,0.6881497489025001
52,cityblock,single,,3,8,0.08341149197748819,0.6727048801711283
53,cityblock,single,,3,9,0.08142161759570607,0.6551999203446441
54,cityblock,single,,3,10,0.06945550711055022,0.6598719256975094
55,cityblock,single,,4,6,0.18221209276768402,0.6226176774601396
56,cityblock,single,,4,7,0.08369839791937297,0.6881497489025001
57,cityblock,single,,4,8,0.08341149197748819,0.6727048801711283
58,cityblock,single,,4,9,0.08142161759570607,0.6551999203446441
59,cityblock,single,,4,10,0.06945550711055022,0.6598719256975094
60,cityblock,single,lastp,2,6,0.18221209276768402,0.6226176774601396
61,cityblock,single,lastp,2,7,0.08369839791937297,0.6881497489025001
62,cityblock,single,lastp,2,8,0.08341149197748819,0.6727048801711283
63,cityblock,single,lastp,2,9,0.08142161759570607,0.6551999203446441
64,cityblock,single,lastp,2,10,0.06945550711055022,0.6598719256975094
65,cityblock,single,lastp,3,6,0.18221209276768402,0.6226176774601396
66,cityblock,single,lastp,3,7,0.08369839791937297,0.6881497489025001
67,cityblock,single,lastp,3,8,0.08341149197748819,0.6727048801711283
68,cityblock,single,lastp,3,9,0.08142161759570607,0.6551999203446441
69,cityblock,single,lastp,3,10,0.06945550711055022,0.6598719256975094
70,cityblock,single,lastp,4,6,0.18221209276768402,0.6226176774601396
71,cityblock,single,lastp,4,7,0.08369839791937297,0.6881497489025001
72,cityblock,single,lastp,4,8,0.08341149197748819,0.6727048801711283
73,cityblock,single,lastp,4,9,0.08142161759570607,0.6551999203446441
74,cityblock,single,lastp,4,10,0.06945550711055022,0.6598719256975094
75,cityblock,single,level,2,6,0.18221209276768402,0.6226176774601396
76,cityblock,single,level,2,7,0.08369839791937297,0.6881497489025001
77,cityblock,single,level,2,8,0.08341149197748819,0.6727048801711283
78,cityblock,single,level,2,9,0.08142161759570607,0.6551999203446441
79,cityblock,single,level,2,10,0.06945550711055022,0.6598719256975094
80,cityblock,single,level,3,6,0.18221209276768402,0.6226176774601396
81,cityblock,single,level,3,7,0.08369839791937297,0.6881497489025001
82,cityblock,single,level,3,8,0.08341149197748819,0.6727048801711283
83,cityblock,single,level,3,9,0.08142161759570607,0.6551999203446441
84,cityblock,single,level,3,10,0.06945550711055022,0.6598719256975094
85,cityblock,single,level,4,6,0.18221209276768402,0.6226176774601396
86,cityblock,single,level,4,7,0.08369839791937297,0.6881497489025001
87,cityblock,single,level,4,8,0.08341149197748819,0.6727048801711283
88,cityblock,single,level,4,9,0.08142161759570607,0.6551999203446441
89,cityblock,single,level,4,10,0.06945550711055022,0.6598719256975094
90,cityblock,average,,2,6,0.19601869813708017,1.6553010758588413
91,cityblock,average,,2,7,0.15631030647184962,1.5129799779444435
92,cityblock,average,,2,8,0.31072771921314885,1.485443161205963
93,cityblock,average,,2,9,0.28269052011906937,1.4972790504776663
94,cityblock,average,,2,10,0.2808447628531669,1.4478054567660774
95,cityblock,average,,3,6,0.19601869813708017,1.6553010758588413
96,cityblock,average,,3,7,0.15631030647184962,1.5129799779444435
97,cityblock,average,,3,8,0.31072771921314885,1.485443161205963
98,cityblock,average,,3,9,0.28269052011906937,1.4972790504776663
99,cityblock,average,,3,10,0.2808447628531669,1.4478054567660774
100,cityblock,average,,4,6,0.19601869813708017,1.6553010758588413
101,cityblock,average,,4,7,0.15631030647184962,1.5129799779444435
102,cityblock,average,,4,8,0.31072771921314885,1.485443161205963
103,cityblock,average,,4,9,0.28269052011906937,1.4972790504776663
104,cityblock,average,,4,10,0.2808447628531669,1.4478054567660774
105,cityblock,average,lastp,2,6,0.19601869813708017,1.6553010758588413
106,cityblock,average,lastp,2,7,0.15631030647184962,1.5129799779444435
107,cityblock,average,lastp,2,8,0.31072771921314885,1.485443161205963
108,cityblock,average,lastp,2,9,0.28269052011906937,1.4972790504776663
109,cityblock,average,lastp,2,10,0.2808447628531669,1.4478054567660774
110,cityblock,average,lastp,3,6,0.19601869813708017,1.6553010758588413
111,cityblock,average,lastp,3,7,0.15631030647184962,1.5129799779444435
112,cityblock,average,lastp,3,8,0.31072771921314885,1.485443161205963
113,cityblock,average,lastp,3,9,0.28269052011906937,1.4972790504776663
114,cityblock,average,lastp,3,10,0.2808447628531669,1.4478054567660774
115,cityblock,average,lastp,4,6,0.19601869813708017,1.6553010758588413
116,cityblock,average,lastp,4,7,0.15631030647184962,1.5129799779444435
117,cityblock,average,lastp,4,8,0.31072771921314885,1.485443161205963
118,cityblock,average,lastp,4,9,0.28269052011906937,1.4972790504776663
119,cityblock,average,lastp,4,10,0.2808447628531669,1.4478054567660774
120,cityblock,average,level,2,6,0.19601869813708017,1.6553010758588413
121,cityblock,average,level,2,7,0.15631030647184962,1.5129799779444435
122,cityblock,average,level,2,8,0.31072771921314885,1.485443161205963
123,cityblock,average,level,2,9,0.28269052011906937,1.4972790504776663
124,cityblock,average,level,2,10,0.2808447628531669,1.4478054567660774
125,cityblock,average,level,3,6,0.19601869813708017,1.6553010758588413
126,cityblock,average,level,3,7,0.15631030647184962,1.5129799779444435
127,cityblock,average,level,3,8,0.31072771921314885,1.485443161205963
128,cityblock,average,level,3,9,0.28269052011906937,1.4972790504776663
129,cityblock,average,level,3,10,0.2808447628531669,1.4478054567660774
130,cityblock,average,level,4,6,0.19601869813708017,1.6553010758588413
131,cityblock,average,level,4,7,0.15631030647184962,1.5129799779444435
132,cityblock,average,level,4,8,0.31072771921314885,1.485443161205963
133,cityblock,average,level,4,9,0.28269052011906937,1.4972790504776663
134,cityblock,average,level,4,10,0.2808447628531669,1.4478054567660774
135,cityblock,weighted,,2,6,0.2790223670184186,2.0146596809905004
136,cityblock,weighted,,2,7,0.2538074977398914,1.9539343379918168
137,cityblock,weighted,,2,8,0.25067580862625694,1.8883530920187213
138,cityblock,weighted,,2,9,0.24832354209489682,1.7543593987101676
139,cityblock,weighted,,2,10,0.2480480685746548,1.669136591411807
140,cityblock,weighted,,3,6,0.2790223670184186,2.0146596809905004
141,cityblock,weighted,,3,7,0.2538074977398914,1.9539343379918168
142,cityblock,weighted,,3,8,0.25067580862625694,1.8883530920187213
143,cityblock,weighted,,3,9,0.24832354209489682,1.7543593987101676
144,cityblock,weighted,,3,10,0.2480480685746548,1.669136591411807
145,cityblock,weighted,,4,6,0.2790223670184186,2.0146596809905004
146,cityblock,weighted,,4,7,0.2538074977398914,1.9539343379918168
147,cityblock,weighted,,4,8,0.25067580862625694,1.8883530920187213
148,cityblock,weighted,,4,9,0.24832354209489682,1.7543593987101676
149,cityblock,weighted,,4,10,0.2480480685746548,1.669136591411807
150,cityblock,weighted,lastp,2,6,0.2790223670184186,2.0146596809905004
151,cityblock,weighted,lastp,2,7,0.2538074977398914,1.9539343379918168
152,cityblock,weighted,lastp,2,8,0.25067580862625694,1.8883530920187213
153,cityblock,weighted,lastp,2,9,0.24832354209489682,1.7543593987101676
154,cityblock,weighted,lastp,2,10,0.2480480685746548,1.669136591411807
155,cityblock,weighted,lastp,3,6,0.2790223670184186,2.0146596809905004
156,cityblock,weighted,lastp,3,7,0.2538074977398914,1.9539343379918168
157,cityblock,weighted,lastp,3,8,0.25067580862625694,1.8883530920187213
158,cityblock,weighted,lastp,3,9,0.24832354209489682,1.7543593987101676
159,cityblock,weighted,lastp,3,10,0.2480480685746548,1.669136591411807
160,cityblock,weighted,lastp,4,6,0.2790223670184186,2.0146596809905004
161,cityblock,weighted,lastp,4,7,0.2538074977398914,1.9539343379918168
162,cityblock,weighted,lastp,4,8,0.25067580862625694,1.8883530920187213
163,cityblock,weighted,lastp,4,9,0.24832354209489682,1.7543593987101676
164,cityblock,weighted,lastp,4,10,0.2480480685746548,1.669136591411807
165,cityblock,weighted,level,2,6,0.2790223670184186,2.0146596809905004
166,cityblock,weighted,level,2,7,0.2538074977398914,1.9539343379918168
167,cityblock,weighted,level,2,8,0.25067580862625694,1.8883530920187213
168,cityblock,weighted,level,2,9,0.24832354209489682,1.7543593987101676
169,cityblock,weighted,level,2,10,0.2480480685746548,1.669136591411807
170,cityblock,weighted,level,3,6,0.2790223670184186,2.0146596809905004
171,cityblock,weighted,level,3,7,0.2538074977398914,1.9539343379918168
172,cityblock,weighted,level,3,8,0.25067580862625694,1.8883530920187213
173,cityblock,weighted,level,3,9,0.24832354209489682,1.7543593987101676
174,cityblock,weighted,level,3,10,0.2480480685746548,1.669136591411807
175,cityblock,weighted,level,4,6,0.2790223670184186,2.0146596809905004
176,cityblock,weighted,level,4,7,0.2538074977398914,1.9539343379918168
177,cityblock,weighted,level,4,8,0.25067580862625694,1.8883530920187213
178,cityblock,weighted,level,4,9,0.24832354209489682,1.7543593987101676
179,cityblock,weighted,level,4,10,0.2480480685746548,1.669136591411807
180,correlation,complete,,2,6,0.18164962953150152,1.7729838517131917
181,correlation,complete,,2,7,0.1813078945821001,1.7255643393848115
182,correlation,complete,,2,8,0.18338251201000702,1.7742867828761035
183,correlation,complete,,2,9,0.15485626427776394,1.708498908971925
184,correlation,complete,,2,10,0.24394659246798833,1.597623361703236
185,correlation,complete,,3,6,0.18164962953150152,1.7729838517131917
186,correlation,complete,,3,7,0.1813078945821001,1.7255643393848115
187,correlation,complete,,3,8,0.18338251201000702,1.7742867828761035
188,correlation,complete,,3,9,0.15485626427776394,1.708498908971925
189,correlation,complete,,3,10,0.24394659246798833,1.597623361703236
190,correlation,complete,,4,6,0.18164962953150152,1.7729838517131917
191,correlation,complete,,4,7,0.1813078945821001,1.7255643393848115
192,correlation,complete,,4,8,0.18338251201000702,1.7742867828761035
193,correlation,complete,,4,9,0.15485626427776394,1.708498908971925
194,correlation,complete,,4,10,0.24394659246798833,1.597623361703236
195,correlation,complete,lastp,2,6,0.18164962953150152,1.7729838517131917
196,correlation,complete,lastp,2,7,0.1813078945821001,1.7255643393848115
197,correlation,complete,lastp,2,8,0.18338251201000702,1.7742867828761035
198,correlation,complete,lastp,2,9,0.15485626427776394,1.708498908971925
199,correlation,complete,lastp,2,10,0.24394659246798833,1.597623361703236
200,correlation,complete,lastp,3,6,0.18164962953150152,1.7729838517131917
201,correlation,complete,lastp,3,7,0.1813078945821001,1.7255643393848115
202,correlation,complete,lastp,3,8,0.18338251201000702,1.7742867828761035
203,correlation,complete,lastp,3,9,0.15485626427776394,1.708498908971925
204,correlation,complete,lastp,3,10,0.24394659246798833,1.597623361703236
205,correlation,complete,lastp,4,6,0.18164962953150152,1.7729838517131917
206,correlation,complete,lastp,4,7,0.1813078945821001,1.7255643393848115
207,correlation,complete,lastp,4,8,0.18338251201000702,1.7742867828761035
208,correlation,complete,lastp,4,9,0.15485626427776394,1.708498908971925
209,correlation,complete,lastp,4,10,0.24394659246798833,1.597623361703236
210,correlation,complete,level,2,6,0.18164962953150152,1.7729838517131917
211,correlation,complete,level,2,7,0.1813078945821001,1.7255643393848115
212,correlation,complete,level,2,8,0.18338251201000702,1.7742867828761035
213,correlation,complete,level,2,9,0.15485626427776394,1.708498908971925
214,correlation,complete,level,2,10,0.24394659246798833,1.597623361703236
215,correlation,complete,level,3,6,0.18164962953150152,1.7729838517131917
216,correlation,complete,level,3,7,0.1813078945821001,1.7255643393848115
217,correlation,complete,level,3,8,0.18338251201000702,1.7742867828761035
218,correlation,complete,level,3,9,0.15485626427776394,1.708498908971925
219,correlation,complete,level,3,10,0.24394659246798833,1.597623361703236
220,correlation,complete,level,4,6,0.18164962953150152,1.7729838517131917
221,correlation,complete,level,4,7,0.1813078945821001,1.7255643393848115
222,correlation,complete,level,4,8,0.18338251201000702,1.7742867828761035
223,correlation,complete,level,4,9,0.15485626427776394,1.708498908971925
224,correlation,complete,level,4,10,0.24394659246798833,1.597623361703236
225,correlation,single,,2,6,0.09180153423710825,0.7109143061852534
226,correlation,single,,2,7,0.09150347452746896,0.6986043983641756
227,correlation,single,,2,8,0.09038470414243174,0.681454811983587
228,correlation,single,,2,9,0.09018292659387446,0.6667317841622348
229,correlation,single,,2,10,0.08673901876568393,0.6570393455305932
230,correlation,single,,3,6,0.09180153423710825,0.7109143061852534
231,correlation,single,,3,7,0.09150347452746896,0.6986043983641756
232,correlation,single,,3,8,0.09038470414243174,0.681454811983587
233,correlation,single,,3,9,0.09018292659387446,0.6667317841622348
234,correlation,single,,3,10,0.08673901876568393,0.6570393455305932
235,correlation,single,,4,6,0.09180153423710825,0.7109143061852534
236,correlation,single,,4,7,0.09150347452746896,0.6986043983641756
237,correlation,single,,4,8,0.09038470414243174,0.681454811983587
238,correlation,single,,4,9,0.09018292659387446,0.6667317841622348
239,correlation,single,,4,10,0.08673901876568393,0.6570393455305932
240,correlation,single,lastp,2,6,0.09180153423710825,0.7109143061852534
241,correlation,single,lastp,2,7,0.09150347452746896,0.6986043983641756
242,correlation,single,lastp,2,8,0.09038470414243174,0.681454811983587
243,correlation,single,lastp,2,9,0.09018292659387446,0.6667317841622348
244,correlation,single,lastp,2,10,0.08673901876568393,0.6570393455305932
245,correlation,single,lastp,3,6,0.09180153423710825,0.7109143061852534
246,correlation,single,lastp,3,7,0.09150347452746896,0.6986043983641756
247,correlation,single,lastp,3,8,0.09038470414243174,0.681454811983587
248,correlation,single,lastp,3,9,0.09018292659387446,0.6667317841622348
249,correlation,single,lastp,3,10,0.08673901876568393,0.6570393455305932
250,correlation,single,lastp,4,6,0.09180153423710825,0.7109143061852534
251,correlation,single,lastp,4,7,0.09150347452746896,0.6986043983641756
252,correlation,single,lastp,4,8,0.09038470414243174,0.681454811983587
253,correlation,single,lastp,4,9,0.09018292659387446,0.6667317841622348
254,correlation,single,lastp,4,10,0.08673901876568393,0.6570393455305932
255,correlation,single,level,2,6,0.09180153423710825,0.7109143061852534
256,correlation,single,level,2,7,0.09150347452746896,0.6986043983641756
257,correlation,single,level,2,8,0.09038470414243174,0.681454811983587
258,correlation,single,level,2,9,0.09018292659387446,0.6667317841622348
259,correlation,single,level,2,10,0.08673901876568393,0.6570393455305932
260,correlation,single,level,3,6,0.09180153423710825,0.7109143061852534
261,correlation,single,level,3,7,0.09150347452746896,0.6986043983641756
262,correlation,single,level,3,8,0.09038470414243174,0.681454811983587
263,correlation,single,level,3,9,0.09018292659387446,0.6667317841622348
264,correlation,single,level,3,10,0.08673901876568393,0.6570393455305932
265,correlation,single,level,4,6,0.09180153423710825,0.7109143061852534
266,correlation,single,level,4,7,0.09150347452746896,0.6986043983641756
267,correlation,single,level,4,8,0.09038470414243174,0.681454811983587
268,correlation,single,level,4,9,0.09018292659387446,0.6667317841622348
269,correlation,single,level,4,10,0.08673901876568393,0.6570393455305932
270,correlation,average,,2,6,0.15705473170842382,1.3474484930025457
271,correlation,average,,2,7,0.1512647273022391,1.3560165185044772
272,correlation,average,,2,8,0.14658294616991885,1.3665249338863057
273,correlation,average,,2,9,0.2976597221436695,1.3421313045258394
274,correlation,average,,2,10,0.29429351772951823,1.2640193644468498
275,correlation,average,,3,6,0.15705473170842382,1.3474484930025457
276,correlation,average,,3,7,0.1512647273022391,1.3560165185044772
277,correlation,average,,3,8,0.14658294616991885,1.3665249338863057
278,correlation,average,,3,9,0.2976597221436695,1.3421313045258394
279,correlation,average,,3,10,0.29429351772951823,1.2640193644468498
280,correlation,average,,4,6,0.15705473170842382,1.3474484930025457
281,correlation,average,,4,7,0.1512647273022391,1.3560165185044772
282,correlation,average,,4,8,0.14658294616991885,1.3665249338863057
283,correlation,average,,4,9,0.2976597221436695,1.3421313045258394
284,correlation,average,,4,10,0.29429351772951823,1.2640193644468498
285,correlation,average,lastp,2,6,0.15705473170842382,1.3474484930025457
286,correlation,average,lastp,2,7,0.1512647273022391,1.3560165185044772
287,correlation,average,lastp,2,8,0.14658294616991885,1.3665249338863057
288,correlation,average,lastp,2,9,0.2976597221436695,1.3421313045258394
289,correlation,average,lastp,2,10,0.29429351772951823,1.2640193644468498
290,correlation,average,lastp,3,6,0.15705473170842382,1.3474484930025457
291,correlation,average,lastp,3,7,0.1512647273022391,1.3560165185044772
292,correlation,average,lastp,3,8,0.14658294616991885,1.3665249338863057
293,correlation,average,lastp,3,9,0.2976597221436695,1.3421313045258394
294,correlation,average,lastp,3,10,0.29429351772951823,1.2640193644468498
295,correlation,average,lastp,4,6,0.15705473170842382,1.3474484930025457
296,correlation,average,lastp,4,7,0.1512647273022391,1.3560165185044772
297,correlation,average,lastp,4,8,0.14658294616991885,1.3665249338863057
298,correlation,average,lastp,4,9,0.2976597221436695,1.3421313045258394
299,correlation,average,lastp,4,10,0.29429351772951823,1.2640193644468498
300,correlation,average,level,2,6,0.15705473170842382,1.3474484930025457
301,correlation,average,level,2,7,0.1512647273022391,1.3560165185044772
302,correlation,average,level,2,8,0.14658294616991885,1.3665249338863057
303,correlation,average,level,2,9,0.2976597221436695,1.3421313045258394
304,correlation,average,level,2,10,0.29429351772951823,1.2640193644468498
305,correlation,average,level,3,6,0.15705473170842382,1.3474484930025457
306,correlation,average,level,3,7,0.1512647273022391,1.3560165185044772
307,correlation,average,level,3,8,0.14658294616991885,1.3665249338863057
308,correlation,average,level,3,9,0.2976597221436695,1.3421313045258394
309,correlation,average,level,3,10,0.29429351772951823,1.2640193644468498
310,correlation,average,level,4,6,0.15705473170842382,1.3474484930025457
311,correlation,average,level,4,7,0.1512647273022391,1.3560165185044772
312,correlation,average,level,4,8,0.14658294616991885,1.3665249338863057
313,correlation,average,level,4,9,0.2976597221436695,1.3421313045258394
314,correlation,average,level,4,10,0.29429351772951823,1.2640193644468498
315,correlation,weighted,,2,6,0.1469023540824834,1.2830950323034058
316,correlation,weighted,,2,7,0.10929216862895254,1.2737904052431406
317,correlation,weighted,,2,8,0.10870199676194058,1.1650810645836378
318,correlation,weighted,,2,9,0.10572333394556435,1.263413656763709
319,correlation,weighted,,2,10,0.10168376347763751,1.286776957503225
320,correlation,weighted,,3,6,0.1469023540824834,1.2830950323034058
321,correlation,weighted,,3,7,0.10929216862895254,1.2737904052431406
322,correlation,weighted,,3,8,0.10870199676194058,1.1650810645836378
323,correlation,weighted,,3,9,0.10572333394556435,1.263413656763709
324,correlation,weighted,,3,10,0.10168376347763751,1.286776957503225
325,correlation,weighted,,4,6,0.1469023540824834,1.2830950323034058
326,correlation,weighted,,4,7,0.10929216862895254,1.2737904052431406
327,correlation,weighted,,4,8,0.10870199676194058,1.1650810645836378
328,correlation,weighted,,4,9,0.10572333394556435,1.263413656763709
329,correlation,weighted,,4,10,0.10168376347763751,1.286776957503225
330,correlation,weighted,lastp,2,6,0.1469023540824834,1.2830950323034058
331,correlation,weighted,lastp,2,7,0.10929216862895254,1.2737904052431406
332,correlation,weighted,lastp,2,8,0.10870199676194058,1.1650810645836378
333,correlation,weighted,lastp,2,9,0.10572333394556435,1.263413656763709
334,correlation,weighted,lastp,2,10,0.10168376347763751,1.286776957503225
335,correlation,weighted,lastp,3,6,0.1469023540824834,1.2830950323034058
336,correlation,weighted,lastp,3,7,0.10929216862895254,1.2737904052431406
337,correlation,weighted,lastp,3,8,0.10870199676194058,1.1650810645836378
338,correlation,weighted,lastp,3,9,0.10572333394556435,1.263413656763709
339,correlation,weighted,lastp,3,10,0.10168376347763751,1.286776957503225
340,correlation,weighted,lastp,4,6,0.1469023540824834,1.2830950323034058
341,correlation,weighted,lastp,4,7,0.10929216862895254,1.2737904052431406
342,correlation,weighted,lastp,4,8,0.10870199676194058,1.1650810645836378
343,correlation,weighted,lastp,4,9,0.10572333394556435,1.263413656763709
344,correlation,weighted,lastp,4,10,0.10168376347763751,1.286776957503225
345,correlation,weighted,level,2,6,0.1469023540824834,1.2830950323034058
346,correlation,weighted,level,2,7,0.10929216862895254,1.2737904052431406
347,correlation,weighted,level,2,8,0.10870199676194058,1.1650810645836378
348,correlation,weighted,level,2,9,0.10572333394556435,1.263413656763709
349,correlation,weighted,level,2,10,0.10168376347763751,1.286776957503225
350,correlation,weighted,level,3,6,0.1469023540824834,1.2830950323034058
351,correlation,weighted,level,3,7,0.10929216862895254,1.2737904052431406
352,correlation,weighted,level,3,8,0.10870199676194058,1.1650810645836378
353,correlation,weighted,level,3,9,0.10572333394556435,1.263413656763709
354,correlation,weighted,level,3,10,0.10168376347763751,1.286776957503225
355,correlation,weighted,level,4,6,0.1469023540824834,1.2830950323034058
356,correlation,weighted,level,4,7,0.10929216862895254,1.2737904052431406
357,correlation,weighted,level,4,8,0.10870199676194058,1.1650810645836378
358,correlation,weighted,level,4,9,0.10572333394556435,1.263413656763709
359,correlation,weighted,level,4,10,0.10168376347763751,1.286776957503225
360,cosine,complete,,2,6,0.3245102379544462,1.5817145081626922
361,cosine,complete,,2,7,0.3220939894766148,1.5756532002057304
362,cosine,complete,,2,8,0.3109457904767061,1.6748006851980617
363,cosine,complete,,2,9,0.33788401315933186,1.6129800329240391
364,cosine,complete,,2,10,0.3362353474855458,1.6932411047831786
365,cosine,complete,,3,6,0.3245102379544462,1.5817145081626922
366,cosine,complete,,3,7,0.3220939894766148,1.5756532002057304
367,cosine,complete,,3,8,0.3109457904767061,1.6748006851980617
368,cosine,complete,,3,9,0.33788401315933186,1.6129800329240391
369,cosine,complete,,3,10,0.3362353474855458,1.6932411047831786
370,cosine,complete,,4,6,0.3245102379544462,1.5817145081626922
371,cosine,complete,,4,7,0.3220939894766148,1.5756532002057304
372,cosine,complete,,4,8,0.3109457904767061,1.6748006851980617
373,cosine,complete,,4,9,0.33788401315933186,1.6129800329240391
374,cosine,complete,,4,10,0.3362353474855458,1.6932411047831786
375,cosine,complete,lastp,2,6,0.3245102379544462,1.5817145081626922
376,cosine,complete,lastp,2,7,0.3220939894766148,1.5756532002057304
377,cosine,complete,lastp,2,8,0.3109457904767061,1.6748006851980617
378,cosine,complete,lastp,2,9,0.33788401315933186,1.6129800329240391
379,cosine,complete,lastp,2,10,0.3362353474855458,1.6932411047831786
380,cosine,complete,lastp,3,6,0.3245102379544462,1.5817145081626922
381,cosine,complete,lastp,3,7,0.3220939894766148,1.5756532002057304
382,cosine,complete,lastp,3,8,0.3109457904767061,1.6748006851980617
383,cosine,complete,lastp,3,9,0.33788401315933186,1.6129800329240391
384,cosine,complete,lastp,3,10,0.3362353474855458,1.6932411047831786
385,cosine,complete,lastp,4,6,0.3245102379544462,1.5817145081626922
386,cosine,complete,lastp,4,7,0.3220939894766148,1.5756532002057304
387,cosine,complete,lastp,4,8,0.3109457904767061,1.6748006851980617
388,cosine,complete,lastp,4,9,0.33788401315933186,1.6129800329240391
389,cosine,complete,lastp,4,10,0.3362353474855458,1.6932411047831786
390,cosine,complete,level,2,6,0.3245102379544462,1.5817145081626922
391,cosine,complete,level,2,7,0.3220939894766148,1.5756532002057304
392,cosine,complete,level,2,8,0.3109457904767061,1.6748006851980617
393,cosine,complete,level,2,9,0.33788401315933186,1.6129800329240391
394,cosine,complete,level,2,10,0.3362353474855458,1.6932411047831786
395,cosine,complete,level,3,6,0.3245102379544462,1.5817145081626922
396,cosine,complete,level,3,7,0.3220939894766148,1.5756532002057304
397,cosine,complete,level,3,8,0.3109457904767061,1.6748006851980617
398,cosine,complete,level,3,9,0.33788401315933186,1.6129800329240391
399,cosine,complete,level,3,10,0.3362353474855458,1.6932411047831786
400,cosine,complete,level,4,6,0.3245102379544462,1.5817145081626922
401,cosine,complete,level,4,7,0.3220939894766148,1.5756532002057304
402,cosine,complete,level,4,8,0.3109457904767061,1.6748006851980617
403,cosine,complete,level,4,9,0.33788401315933186,1.6129800329240391
404,cosine,complete,level,4,10,0.3362353474855458,1.6932411047831786
405,cosine,single,,2,6,0.09309236435954871,0.6755306749425666
406,cosine,single,,2,7,0.06862654900110855,0.683481577710061
407,cosine,single,,2,8,0.056418810009027695,0.6957393167387418
408,cosine,single,,2,9,0.03227235073819052,0.6830796456520841
409,cosine,single,,2,10,0.019873872652081813,0.6812675730004802
410,cosine,single,,3,6,0.09309236435954871,0.6755306749425666
411,cosine,single,,3,7,0.06862654900110855,0.683481577710061
412,cosine,single,,3,8,0.056418810009027695,0.6957393167387418
413,cosine,single,,3,9,0.03227235073819052,0.6830796456520841
414,cosine,single,,3,10,0.019873872652081813,0.6812675730004802
415,cosine,single,,4,6,0.09309236435954871,0.6755306749425666
416,cosine,single,,4,7,0.06862654900110855,0.683481577710061
417,cosine,single,,4,8,0.056418810009027695,0.6957393167387418
418,cosine,single,,4,9,0.03227235073819052,0.6830796456520841
419,cosine,single,,4,10,0.019873872652081813,0.6812675730004802
420,cosine,single,lastp,2,6,0.09309236435954871,0.6755306749425666
421,cosine,single,lastp,2,7,0.06862654900110855,0.683481577710061
422,cosine,single,lastp,2,8,0.056418810009027695,0.6957393167387418
423,cosine,single,lastp,2,9,0.03227235073819052,0.6830796456520841
424,cosine,single,lastp,2,10,0.019873872652081813,0.6812675730004802
425,cosine,single,lastp,3,6,0.09309236435954871,0.6755306749425666
426,cosine,single,lastp,3,7,0.06862654900110855,0.683481577710061
427,cosine,single,lastp,3,8,0.056418810009027695,0.6957393167387418
428,cosine,single,lastp,3,9,0.03227235073819052,0.6830796456520841
429,cosine,single,lastp,3,10,0.019873872652081813,0.6812675730004802
430,cosine,single,lastp,4,6,0.09309236435954871,0.6755306749425666
431,cosine,single,lastp,4,7,0.06862654900110855,0.683481577710061
432,cosine,single,lastp,4,8,0.056418810009027695,0.6957393167387418
433,cosine,single,lastp,4,9,0.03227235073819052,0.6830796456520841
434,cosine,single,lastp,4,10,0.019873872652081813,0.6812675730004802
435,cosine,single,level,2,6,0.09309236435954871,0.6755306749425666
436,cosine,single,level,2,7,0.06862654900110855,0.683481577710061
437,cosine,single,level,2,8,0.056418810009027695,0.6957393167387418
438,cosine,single,level,2,9,0.03227235073819052,0.6830796456520841
439,cosine,single,level,2,10,0.019873872652081813,0.6812675730004802
440,cosine,single,level,3,6,0.09309236435954871,0.6755306749425666
441,cosine,single,level,3,7,0.06862654900110855,0.683481577710061
442,cosine,single,level,3,8,0.056418810009027695,0.6957393167387418
443,cosine,single,level,3,9,0.03227235073819052,0.6830796456520841
444,cosine,single,level,3,10,0.019873872652081813,0.6812675730004802
445,cosine,single,level,4,6,0.09309236435954871,0.6755306749425666
446,cosine,single,level,4,7,0.06862654900110855,0.683481577710061
447,cosine,single,level,4,8,0.056418810009027695,0.6957393167387418
448,cosine,single,level,4,9,0.03227235073819052,0.6830796456520841
449,cosine,single,level,4,10,0.019873872652081813,0.6812675730004802
450,cosine,average,,2,6,0.13538152546594817,1.2947129094845158
451,cosine,average,,2,7,0.2929780717668745,1.1926252708309388
452,cosine,average,,2,8,0.27814434642037666,1.2254967952792528
453,cosine,average,,2,9,0.27689388462562764,1.2544364713805312
454,cosine,average,,2,10,0.27469023180858443,1.3003453353749375
455,cosine,average,,3,6,0.13538152546594817,1.2947129094845158
456,cosine,average,,3,7,0.2929780717668745,1.1926252708309388
457,cosine,average,,3,8,0.27814434642037666,1.2254967952792528
458,cosine,average,,3,9,0.27689388462562764,1.2544364713805312
459,cosine,average,,3,10,0.27469023180858443,1.3003453353749375
460,cosine,average,,4,6,0.13538152546594817,1.2947129094845158
461,cosine,average,,4,7,0.2929780717668745,1.1926252708309388
462,cosine,average,,4,8,0.27814434642037666,1.2254967952792528
463,cosine,average,,4,9,0.27689388462562764,1.2544364713805312
464,cosine,average,,4,10,0.27469023180858443,1.3003453353749375
465,cosine,average,lastp,2,6,0.13538152546594817,1.2947129094845158
466,cosine,average,lastp,2,7,0.2929780717668745,1.1926252708309388
467,cosine,average,lastp,2,8,0.27814434642037666,1.2254967952792528
468,cosine,average,lastp,2,9,0.27689388462562764,1.2544364713805312
469,cosine,average,lastp,2,10,0.27469023180858443,1.3003453353749375
470,cosine,average,lastp,3,6,0.13538152546594817,1.2947129094845158
471,cosine,average,lastp,3,7,0.2929780717668745,1.1926252708309388
472,cosine,average,lastp,3,8,0.27814434642037666,1.2254967952792528
473,cosine,average,lastp,3,9,0.27689388462562764,1.2544364713805312
474,cosine,average,lastp,3,10,0.27469023180858443,1.3003453353749375
475,cosine,average,lastp,4,6,0.13538152546594817,1.2947129094845158
476,cosine,average,lastp,4,7,0.2929780717668745,1.1926252708309388
477,cosine,average,lastp,4,8,0.27814434642037666,1.2254967952792528
478,cosine,average,lastp,4,9,0.27689388462562764,1.2544364713805312
479,cosine,average,lastp,4,10,0.27469023180858443,1.3003453353749375
480,cosine,average,level,2,6,0.13538152546594817,1.2947129094845158
481,cosine,average,level,2,7,0.2929780717668745,1.1926252708309388
482,cosine,average,level,2,8,0.27814434642037666,1.2254967952792528
483,cosine,average,level,2,9,0.27689388462562764,1.2544364713805312
484,cosine,average,level,2,10,0.27469023180858443,1.3003453353749375
485,cosine,average,level,3,6,0.13538152546594817,1.2947129094845158
486,cosine,average,level,3,7,0.2929780717668745,1.1926252708309388
487,cosine,average,level,3,8,0.27814434642037666,1.2254967952792528
488,cosine,average,level,3,9,0.27689388462562764,1.2544364713805312
489,cosine,average,level,3,10,0.27469023180858443,1.3003453353749375
490,cosine,average,level,4,6,0.13538152546594817,1.2947129094845158
491,cosine,average,level,4,7,0.2929780717668745,1.1926252708309388
492,cosine,average,level,4,8,0.27814434642037666,1.2254967952792528
493,cosine,average,level,4,9,0.27689388462562764,1.2544364713805312
494,cosine,average,level,4,10,0.27469023180858443,1.3003453353749375
495,cosine,weighted,,2,6,0.265540643235587,1.2696015968548793
496,cosine,weighted,,2,7,0.2649762146342779,1.1615041738125664
497,cosine,weighted,,2,8,0.25355893383614875,1.2266381558127337
498,cosine,weighted,,2,9,0.1149291722475328,1.3378392362416112
499,cosine,weighted,,2,10,0.19392949716207503,1.2199195897522332
500,cosine,weighted,,3,6,0.265540643235587,1.2696015968548793
501,cosine,weighted,,3,7,0.2649762146342779,1.1615041738125664
502,cosine,weighted,,3,8,0.25355893383614875,1.2266381558127337
503,cosine,weighted,,3,9,0.1149291722475328,1.3378392362416112
504,cosine,weighted,,3,10,0.19392949716207503,1.2199195897522332
505,cosine,weighted,,4,6,0.265540643235587,1.2696015968548793
506,cosine,weighted,,4,7,0.2649762146342779,1.1615041738125664
507,cosine,weighted,,4,8,0.25355893383614875,1.2266381558127337
508,cosine,weighted,,4,9,0.1149291722475328,1.3378392362416112
509,cosine,weighted,,4,10,0.19392949716207503,1.2199195897522332
510,cosine,weighted,lastp,2,6,0.265540643235587,1.2696015968548793
511,cosine,weighted,lastp,2,7,0.2649762146342779,1.1615041738125664
512,cosine,weighted,lastp,2,8,0.25355893383614875,1.2266381558127337
513,cosine,weighted,lastp,2,9,0.1149291722475328,1.3378392362416112
514,cosine,weighted,lastp,2,10,0.19392949716207503,1.2199195897522332
515,cosine,weighted,lastp,3,6,0.265540643235587,1.2696015968548793
516,cosine,weighted,lastp,3,7,0.2649762146342779,1.1615041738125664
517,cosine,weighted,lastp,3,8,0.25355893383614875,1.2266381558127337
518,cosine,weighted,lastp,3,9,0.1149291722475328,1.3378392362416112
519,cosine,weighted,lastp,3,10,0.19392949716207503,1.2199195897522332
520,cosine,weighted,lastp,4,6,0.265540643235587,1.2696015968548793
521,cosine,weighted,lastp,4,7,0.2649762146342779,1.1615041738125664
522,cosine,weighted,lastp,4,8,0.25355893383614875,1.2266381558127337
523,cosine,weighted,lastp,4,9,0.1149291722475328,1.3378392362416112
524,cosine,weighted,lastp,4,10,0.19392949716207503,1.2199195897522332
525,cosine,weighted,level,2,6,0.265540643235587,1.2696015968548793
526,cosine,weighted,level,2,7,0.2649762146342779,1.1615041738125664
527,cosine,weighted,level,2,8,0.25355893383614875,1.2266381558127337
528,cosine,weighted,level,2,9,0.1149291722475328,1.3378392362416112
529,cosine,weighted,level,2,10,0.19392949716207503,1.2199195897522332
530,cosine,weighted,level,3,6,0.265540643235587,1.2696015968548793
531,cosine,weighted,level,3,7,0.2649762146342779,1.1615041738125664
532,cosine,weighted,level,3,8,0.25355893383614875,1.2266381558127337
533,cosine,weighted,level,3,9,0.1149291722475328,1.3378392362416112
534,cosine,weighted,level,3,10,0.19392949716207503,1.2199195897522332
535,cosine,weighted,level,4,6,0.265540643235587,1.2696015968548793
536,cosine,weighted,level,4,7,0.2649762146342779,1.1615041738125664
537,cosine,weighted,level,4,8,0.25355893383614875,1.2266381558127337
538,cosine,weighted,level,4,9,0.1149291722475328,1.3378392362416112
539,cosine,weighted,level,4,10,0.19392949716207503,1.2199195897522332
540,dice,complete,,2,6,0.20704169216369084,1.2336314806298911
541,dice,complete,,2,7,0.20704169216369084,1.2336314806298911
542,dice,complete,,2,8,0.17765199621281802,1.5500588474515427
543,dice,complete,,2,9,0.169680414662902,1.5818583501100585
544,dice,complete,,2,10,0.169680414662902,1.5818583501100585
545,dice,complete,,3,6,0.20704169216369084,1.2336314806298911
546,dice,complete,,3,7,0.20704169216369084,1.2336314806298911
547,dice,complete,,3,8,0.17765199621281802,1.5500588474515427
548,dice,complete,,3,9,0.169680414662902,1.5818583501100585
549,dice,complete,,3,10,0.169680414662902,1.5818583501100585
550,dice,complete,,4,6,0.20704169216369084,1.2336314806298911
551,dice,complete,,4,7,0.20704169216369084,1.2336314806298911
552,dice,complete,,4,8,0.17765199621281802,1.5500588474515427
553,dice,complete,,4,9,0.169680414662902,1.5818583501100585
554,dice,complete,,4,10,0.169680414662902,1.5818583501100585
555,dice,complete,lastp,2,6,0.20704169216369084,1.2336314806298911
556,dice,complete,lastp,2,7,0.20704169216369084,1.2336314806298911
557,dice,complete,lastp,2,8,0.17765199621281802,1.5500588474515427
558,dice,complete,lastp,2,9,0.169680414662902,1.5818583501100585
559,dice,complete,lastp,2,10,0.169680414662902,1.5818583501100585
560,dice,complete,lastp,3,6,0.20704169216369084,1.2336314806298911
561,dice,complete,lastp,3,7,0.20704169216369084,1.2336314806298911
562,dice,complete,lastp,3,8,0.17765199621281802,1.5500588474515427
563,dice,complete,lastp,3,9,0.169680414662902,1.5818583501100585
564,dice,complete,lastp,3,10,0.169680414662902,1.5818583501100585
565,dice,complete,lastp,4,6,0.20704169216369084,1.2336314806298911
566,dice,complete,lastp,4,7,0.20704169216369084,1.2336314806298911
567,dice,complete,lastp,4,8,0.17765199621281802,1.5500588474515427
568,dice,complete,lastp,4,9,0.169680414662902,1.5818583501100585
569,dice,complete,lastp,4,10,0.169680414662902,1.5818583501100585
570,dice,complete,level,2,6,0.20704169216369084,1.2336314806298911
571,dice,complete,level,2,7,0.20704169216369084,1.2336314806298911
572,dice,complete,level,2,8,0.17765199621281802,1.5500588474515427
573,dice,complete,level,2,9,0.169680414662902,1.5818583501100585
574,dice,complete,level,2,10,0.169680414662902,1.5818583501100585
575,dice,complete,level,3,6,0.20704169216369084,1.2336314806298911
576,dice,complete,level,3,7,0.20704169216369084,1.2336314806298911
577,dice,complete,level,3,8,0.17765199621281802,1.5500588474515427
578,dice,complete,level,3,9,0.169680414662902,1.5818583501100585
579,dice,complete,level,3,10,0.169680414662902,1.5818583501100585
580,dice,complete,level,4,6,0.20704169216369084,1.2336314806298911
581,dice,complete,level,4,7,0.20704169216369084,1.2336314806298911
582,dice,complete,level,4,8,0.17765199621281802,1.5500588474515427
583,dice,complete,level,4,9,0.169680414662902,1.5818583501100585
584,dice,complete,level,4,10,0.169680414662902,1.5818583501100585
585,dice,single,,2,6,0.10505792041200068,0.7445781068578461
586,dice,single,,2,7,0.07517667885744429,0.7044517430848244
587,dice,single,,2,8,0.07517667885744429,0.7044517430848244
588,dice,single,,2,9,0.07517667885744429,0.7044517430848244
589,dice,single,,2,10,-0.19293306506969046,0.8026774114938439
590,dice,single,,3,6,0.10505792041200068,0.7445781068578461
591,dice,single,,3,7,0.07517667885744429,0.7044517430848244
592,dice,single,,3,8,0.07517667885744429,0.7044517430848244
593,dice,single,,3,9,0.07517667885744429,0.7044517430848244
594,dice,single,,3,10,-0.19293306506969046,0.8026774114938439
595,dice,single,,4,6,0.10505792041200068,0.7445781068578461
596,dice,single,,4,7,0.07517667885744429,0.7044517430848244
597,dice,single,,4,8,0.07517667885744429,0.7044517430848244
598,dice,single,,4,9,0.07517667885744429,0.7044517430848244
599,dice,single,,4,10,-0.19293306506969046,0.8026774114938439
600,dice,single,lastp,2,6,0.10505792041200068,0.7445781068578461
601,dice,single,lastp,2,7,0.07517667885744429,0.7044517430848244
602,dice,single,lastp,2,8,0.07517667885744429,0.7044517430848244
603,dice,single,lastp,2,9,0.07517667885744429,0.7044517430848244
604,dice,single,lastp,2,10,-0.19293306506969046,0.8026774114938439
605,dice,single,lastp,3,6,0.10505792041200068,0.7445781068578461
606,dice,single,lastp,3,7,0.07517667885744429,0.7044517430848244
607,dice,single,lastp,3,8,0.07517667885744429,0.7044517430848244
608,dice,single,lastp,3,9,0.07517667885744429,0.7044517430848244
609,dice,single,lastp,3,10,-0.19293306506969046,0.8026774114938439
610,dice,single,lastp,4,6,0.10505792041200068,0.7445781068578461
611,dice,single,lastp,4,7,0.07517667885744429,0.7044517430848244
612,dice,single,lastp,4,8,0.07517667885744429,0.7044517430848244
613,dice,single,lastp,4,9,0.07517667885744429,0.7044517430848244
614,dice,single,lastp,4,10,-0.19293306506969046,0.8026774114938439
615,dice,single,level,2,6,0.10505792041200068,0.7445781068578461
616,dice,single,level,2,7,0.07517667885744429,0.7044517430848244
617,dice,single,level,2,8,0.07517667885744429,0.7044517430848244
618,dice,single,level,2,9,0.07517667885744429,0.7044517430848244
619,dice,single,level,2,10,-0.19293306506969046,0.8026774114938439
620,dice,single,level,3,6,0.10505792041200068,0.7445781068578461
621,dice,single,level,3,7,0.07517667885744429,0.7044517430848244
622,dice,single,level,3,8,0.07517667885744429,0.7044517430848244
623,dice,single,level,3,9,0.07517667885744429,0.7044517430848244
624,dice,single,level,3,10,-0.19293306506969046,0.8026774114938439
625,dice,single,level,4,6,0.10505792041200068,0.7445781068578461
626,dice,single,level,4,7,0.07517667885744429,0.7044517430848244
627,dice,single,level,4,8,0.07517667885744429,0.7044517430848244
628,dice,single,level,4,9,0.07517667885744429,0.7044517430848244
629,dice,single,level,4,10,-0.19293306506969046,0.8026774114938439
630,dice,average,,2,6,0.07602702205929365,1.1858528189144144
631,dice,average,,2,7,0.057763372845135046,1.1751928142169514
632,dice,average,,2,8,0.02885253624842537,1.1464202108850245
633,dice,average,,2,9,0.0033133420458085648,1.095099799583237
634,dice,average,,2,10,-0.017754769347536434,1.2260190370556094
635,dice,average,,3,6,0.07602702205929365,1.1858528189144144
636,dice,average,,3,7,0.057763372845135046,1.1751928142169514
637,dice,average,,3,8,0.02885253624842537,1.1464202108850245
638,dice,average,,3,9,0.0033133420458085648,1.095099799583237
639,dice,average,,3,10,-0.017754769347536434,1.2260190370556094
640,dice,average,,4,6,0.07602702205929365,1.1858528189144144
641,dice,average,,4,7,0.057763372845135046,1.1751928142169514
642,dice,average,,4,8,0.02885253624842537,1.1464202108850245
643,dice,average,,4,9,0.0033133420458085648,1.095099799583237
644,dice,average,,4,10,-0.017754769347536434,1.2260190370556094
645,dice,average,lastp,2,6,0.07602702205929365,1.1858528189144144
646,dice,average,lastp,2,7,0.057763372845135046,1.1751928142169514
647,dice,average,lastp,2,8,0.02885253624842537,1.1464202108850245
648,dice,average,lastp,2,9,0.0033133420458085648,1.095099799583237
649,dice,average,lastp,2,10,-0.017754769347536434,1.2260190370556094
650,dice,average,lastp,3,6,0.07602702205929365,1.1858528189144144
651,dice,average,lastp,3,7,0.057763372845135046,1.1751928142169514
652,dice,average,lastp,3,8,0.02885253624842537,1.1464202108850245
653,dice,average,lastp,3,9,0.0033133420458085648,1.095099799583237
654,dice,average,lastp,3,10,-0.017754769347536434,1.2260190370556094
655,dice,average,lastp,4,6,0.07602702205929365,1.1858528189144144
656,dice,average,lastp,4,7,0.057763372845135046,1.1751928142169514
657,dice,average,lastp,4,8,0.02885253624842537,1.1464202108850245
658,dice,average,lastp,4,9,0.0033133420458085648,1.095099799583237
659,dice,average,lastp,4,10,-0.017754769347536434,1.2260190370556094
660,dice,average,level,2,6,0.07602702205929365,1.1858528189144144
661,dice,average,level,2,7,0.057763372845135046,1.1751928142169514
662,dice,average,level,2,8,0.02885253624842537,1.1464202108850245
663,dice,average,level,2,9,0.0033133420458085648,1.095099799583237
664,dice,average,level,2,10,-0.017754769347536434,1.2260190370556094
665,dice,average,level,3,6,0.07602702205929365,1.1858528189144144
666,dice,average,level,3,7,0.057763372845135046,1.1751928142169514
667,dice,average,level,3,8,0.02885253624842537,1.1464202108850245
668,dice,average,level,3,9,0.0033133420458085648,1.095099799583237
669,dice,average,level,3,10,-0.017754769347536434,1.2260190370556094
670,dice,average,level,4,6,0.07602702205929365,1.1858528189144144
671,dice,average,level,4,7,0.057763372845135046,1.1751928142169514
672,dice,average,level,4,8,0.02885253624842537,1.1464202108850245
673,dice,average,level,4,9,0.0033133420458085648,1.095099799583237
674,dice,average,level,4,10,-0.017754769347536434,1.2260190370556094
675,dice,weighted,,2,6,0.10747111027532444,1.2243696402253277
676,dice,weighted,,2,7,0.04455701501255089,1.2928189714142808
677,dice,weighted,,2,8,0.019948847200862492,1.2149642688251876
678,dice,weighted,,2,9,0.014055305850343302,1.2909092647051952
679,dice,weighted,,2,10,0.012185412846855145,1.3671134763114605
680,dice,weighted,,3,6,0.10747111027532444,1.2243696402253277
681,dice,weighted,,3,7,0.04455701501255089,1.2928189714142808
682,dice,weighted,,3,8,0.019948847200862492,1.2149642688251876
683,dice,weighted,,3,9,0.014055305850343302,1.2909092647051952
684,dice,weighted,,3,10,0.012185412846855145,1.3671134763114605
685,dice,weighted,,4,6,0.10747111027532444,1.2243696402253277
686,dice,weighted,,4,7,0.04455701501255089,1.2928189714142808
687,dice,weighted,,4,8,0.019948847200862492,1.2149642688251876
688,dice,weighted,,4,9,0.014055305850343302,1.2909092647051952
689,dice,weighted,,4,10,0.012185412846855145,1.3671134763114605
690,dice,weighted,lastp,2,6,0.10747111027532444,1.2243696402253277
691,dice,weighted,lastp,2,7,0.04455701501255089,1.2928189714142808
692,dice,weighted,lastp,2,8,0.019948847200862492,1.2149642688251876
693,dice,weighted,lastp,2,9,0.014055305850343302,1.2909092647051952
694,dice,weighted,lastp,2,10,0.012185412846855145,1.3671134763114605
695,dice,weighted,lastp,3,6,0.10747111027532444,1.2243696402253277
696,dice,weighted,lastp,3,7,0.04455701501255089,1.2928189714142808
697,dice,weighted,lastp,3,8,0.019948847200862492,1.2149642688251876
698,dice,weighted,lastp,3,9,0.014055305850343302,1.2909092647051952
699,dice,weighted,lastp,3,10,0.012185412846855145,1.3671134763114605
700,dice,weighted,lastp,4,6,0.10747111027532444,1.2243696402253277
701,dice,weighted,lastp,4,7,0.04455701501255089,1.2928189714142808
702,dice,weighted,lastp,4,8,0.019948847200862492,1.2149642688251876
703,dice,weighted,lastp,4,9,0.014055305850343302,1.2909092647051952
704,dice,weighted,lastp,4,10,0.012185412846855145,1.3671134763114605
705,dice,weighted,level,2,6,0.10747111027532444,1.2243696402253277
706,dice,weighted,level,2,7,0.04455701501255089,1.2928189714142808
707,dice,weighted,level,2,8,0.019948847200862492,1.2149642688251876
708,dice,weighted,level,2,9,0.014055305850343302,1.2909092647051952
709,dice,weighted,level,2,10,0.012185412846855145,1.3671134763114605
710,dice,weighted,level,3,6,0.10747111027532444,1.2243696402253277
711,dice,weighted,level,3,7,0.04455701501255089,1.2928189714142808
712,dice,weighted,level,3,8,0.019948847200862492,1.2149642688251876
713,dice,weighted,level,3,9,0.014055305850343302,1.2909092647051952
714,dice,weighted,level,3,10,0.012185412846855145,1.3671134763114605
715,dice,weighted,level,4,6,0.10747111027532444,1.2243696402253277
716,dice,weighted,level,4,7,0.04455701501255089,1.2928189714142808
717,dice,weighted,level,4,8,0.019948847200862492,1.2149642688251876
718,dice,weighted,level,4,9,0.014055305850343302,1.2909092647051952
719,dice,weighted,level,4,10,0.012185412846855145,1.3671134763114605
720,euclidean,complete,,2,6,0.2287174920761535,1.7645735455127933
721,euclidean,complete,,2,7,0.2870578338700672,1.7367931729962618
722,euclidean,complete,,2,8,0.28496834528831744,1.9658684329543952
723,euclidean,complete,,2,9,0.3070011710833502,1.8704011316677622
724,euclidean,complete,,2,10,0.30628677259423337,1.7959781464819102
725,euclidean,complete,,3,6,0.2287174920761535,1.7645735455127933
726,euclidean,complete,,3,7,0.2870578338700672,1.7367931729962618
727,euclidean,complete,,3,8,0.28496834528831744,1.9658684329543952
728,euclidean,complete,,3,9,0.3070011710833502,1.8704011316677622
729,euclidean,complete,,3,10,0.30628677259423337,1.7959781464819102
730,euclidean,complete,,4,6,0.2287174920761535,1.7645735455127933
731,euclidean,complete,,4,7,0.2870578338700672,1.7367931729962618
732,euclidean,complete,,4,8,0.28496834528831744,1.9658684329543952
733,euclidean,complete,,4,9,0.3070011710833502,1.8704011316677622
734,euclidean,complete,,4,10,0.30628677259423337,1.7959781464819102
735,euclidean,complete,lastp,2,6,0.2287174920761535,1.7645735455127933
736,euclidean,complete,lastp,2,7,0.2870578338700672,1.7367931729962618
737,euclidean,complete,lastp,2,8,0.28496834528831744,1.9658684329543952
738,euclidean,complete,lastp,2,9,0.3070011710833502,1.8704011316677622
739,euclidean,complete,lastp,2,10,0.30628677259423337,1.7959781464819102
740,euclidean,complete,lastp,3,6,0.2287174920761535,1.7645735455127933
741,euclidean,complete,lastp,3,7,0.2870578338700672,1.7367931729962618
742,euclidean,complete,lastp,3,8,0.28496834528831744,1.9658684329543952
743,euclidean,complete,lastp,3,9,0.3070011710833502,1.8704011316677622
744,euclidean,complete,lastp,3,10,0.30628677259423337,1.7959781464819102
745,euclidean,complete,lastp,4,6,0.2287174920761535,1.7645735455127933
746,euclidean,complete,lastp,4,7,0.2870578338700672,1.7367931729962618
747,euclidean,complete,lastp,4,8,0.28496834528831744,1.9658684329543952
748,euclidean,complete,lastp,4,9,0.3070011710833502,1.8704011316677622
749,euclidean,complete,lastp,4,10,0.30628677259423337,1.7959781464819102
750,euclidean,complete,level,2,6,0.2287174920761535,1.7645735455127933
751,euclidean,complete,level,2,7,0.2870578338700672,1.7367931729962618
752,euclidean,complete,level,2,8,0.28496834528831744,1.9658684329543952
753,euclidean,complete,level,2,9,0.3070011710833502,1.8704011316677622
754,euclidean,complete,level,2,10,0.30628677259423337,1.7959781464819102
755,euclidean,complete,level,3,6,0.2287174920761535,1.7645735455127933
756,euclidean,complete,level,3,7,0.2870578338700672,1.7367931729962618
757,euclidean,complete,level,3,8,0.28496834528831744,1.9658684329543952
758,euclidean,complete,level,3,9,0.3070011710833502,1.8704011316677622
759,euclidean,complete,level,3,10,0.30628677259423337,1.7959781464819102
760,euclidean,complete,level,4,6,0.2287174920761535,1.7645735455127933
761,euclidean,complete,level,4,7,0.2870578338700672,1.7367931729962618
762,euclidean,complete,level,4,8,0.28496834528831744,1.9658684329543952
763,euclidean,complete,level,4,9,0.3070011710833502,1.8704011316677622
764,euclidean,complete,level,4,10,0.30628677259423337,1.7959781464819102
765,euclidean,single,,2,6,0.179723851090267,0.6110822959395682
766,euclidean,single,,2,7,0.17524452488515319,0.6044619216594421
767,euclidean,single,,2,8,0.17172714927173904,0.599100861905317
768,euclidean,single,,2,9,0.16110838391650376,0.5964041940181276
769,euclidean,single,,2,10,0.1210408920690714,0.6032423946688039
770,euclidean,single,,3,6,0.179723851090267,0.6110822959395682
771,euclidean,single,,3,7,0.17524452488515319,0.6044619216594421
772,euclidean,single,,3,8,0.17172714927173904,0.599100861905317
773,euclidean,single,,3,9,0.16110838391650376,0.5964041940181276
774,euclidean,single,,3,10,0.1210408920690714,0.6032423946688039
775,euclidean,single,,4,6,0.179723851090267,0.6110822959395682
776,euclidean,single,,4,7,0.17524452488515319,0.6044619216594421
777,euclidean,single,,4,8,0.17172714927173904,0.599100861905317
778,euclidean,single,,4,9,0.16110838391650376,0.5964041940181276
779,euclidean,single,,4,10,0.1210408920690714,0.6032423946688039
780,euclidean,single,lastp,2,6,0.179723851090267,0.6110822959395682
781,euclidean,single,lastp,2,7,0.17524452488515319,0.6044619216594421
782,euclidean,single,lastp,2,8,0.17172714927173904,0.599100861905317
783,euclidean,single,lastp,2,9,0.16110838391650376,0.5964041940181276
784,euclidean,single,lastp,2,10,0.1210408920690714,0.6032423946688039
785,euclidean,single,lastp,3,6,0.179723851090267,0.6110822959395682
786,euclidean,single,lastp,3,7,0.17524452488515319,0.6044619216594421
787,euclidean,single,lastp,3,8,0.17172714927173904,0.599100861905317
788,euclidean,single,lastp,3,9,0.16110838391650376,0.5964041940181276
789,euclidean,single,lastp,3,10,0.1210408920690714,0.6032423946688039
790,euclidean,single,lastp,4,6,0.179723851090267,0.6110822959395682
791,euclidean,single,lastp,4,7,0.17524452488515319,0.6044619216594421
792,euclidean,single,lastp,4,8,0.17172714927173904,0.599100861905317
793,euclidean,single,lastp,4,9,0.16110838391650376,0.5964041940181276
794,euclidean,single,lastp,4,10,0.1210408920690714,0.6032423946688039
795,euclidean,single,level,2,6,0.179723851090267,0.6110822959395682
796,euclidean,single,level,2,7,0.17524452488515319,0.6044619216594421
797,euclidean,single,level,2,8,0.17172714927173904,0.599100861905317
798,euclidean,single,level,2,9,0.16110838391650376,0.5964041940181276
799,euclidean,single,level,2,10,0.1210408920690714,0.6032423946688039
800,euclidean,single,level,3,6,0.179723851090267,0.6110822959395682
801,euclidean,single,level,3,7,0.17524452488515319,0.6044619216594421
802,euclidean,single,level,3,8,0.17172714927173904,0.599100861905317
803,euclidean,single,level,3,9,0.16110838391650376,0.5964041940181276
804,euclidean,single,level,3,10,0.1210408920690714,0.6032423946688039
805,euclidean,single,level,4,6,0.179723851090267,0.6110822959395682
806,euclidean,single,level,4,7,0.17524452488515319,0.6044619216594421
807,euclidean,single,level,4,8,0.17172714927173904,0.599100861905317
808,euclidean,single,level,4,9,0.16110838391650376,0.5964041940181276
809,euclidean,single,level,4,10,0.1210408920690714,0.6032423946688039
810,euclidean,average,,2,6,0.1982754038804867,1.344966520613604
811,euclidean,average,,2,7,0.3189325076715457,1.3570666618669927
812,euclidean,average,,2,8,0.3158836044860621,1.2615771690532647
813,euclidean,average,,2,9,0.29508991112405053,1.2759639927519388
814,euclidean,average,,2,10,0.28950336131039656,1.2059700081322802
815,euclidean,average,,3,6,0.1982754038804867,1.344966520613604
816,euclidean,average,,3,7,0.3189325076715457,1.3570666618669927
817,euclidean,average,,3,8,0.3158836044860621,1.2615771690532647
818,euclidean,average,,3,9,0.29508991112405053,1.2759639927519388
819,euclidean,average,,3,10,0.28950336131039656,1.2059700081322802
820,euclidean,average,,4,6,0.1982754038804867,1.344966520613604
821,euclidean,average,,4,7,0.3189325076715457,1.3570666618669927
822,euclidean,average,,4,8,0.3158836044860621,1.2615771690532647
823,euclidean,average,,4,9,0.29508991112405053,1.2759639927519388
824,euclidean,average,,4,10,0.28950336131039656,1.2059700081322802
825,euclidean,average,lastp,2,6,0.1982754038804867,1.344966520613604
826,euclidean,average,lastp,2,7,0.3189325076715457,1.3570666618669927
827,euclidean,average,lastp,2,8,0.3158836044860621,1.2615771690532647
828,euclidean,average,lastp,2,9,0.29508991112405053,1.2759639927519388
829,euclidean,average,lastp,2,10,0.28950336131039656,1.2059700081322802
830,euclidean,average,lastp,3,6,0.1982754038804867,1.344966520613604
831,euclidean,average,lastp,3,7,0.3189325076715457,1.3570666618669927
832,euclidean,average,lastp,3,8,0.3158836044860621,1.2615771690532647
833,euclidean,average,lastp,3,9,0.29508991112405053,1.2759639927519388
834,euclidean,average,lastp,3,10,0.28950336131039656,1.2059700081322802
835,euclidean,average,lastp,4,6,0.1982754038804867,1.344966520613604
836,euclidean,average,lastp,4,7,0.3189325076715457,1.3570666618669927
837,euclidean,average,lastp,4,8,0.3158836044860621,1.2615771690532647
838,euclidean,average,lastp,4,9,0.29508991112405053,1.2759639927519388
839,euclidean,average,lastp,4,10,0.28950336131039656,1.2059700081322802
840,euclidean,average,level,2,6,0.1982754038804867,1.344966520613604
841,euclidean,average,level,2,7,0.3189325076715457,1.3570666618669927
842,euclidean,average,level,2,8,0.3158836044860621,1.2615771690532647
843,euclidean,average,level,2,9,0.29508991112405053,1.2759639927519388
844,euclidean,average,level,2,10,0.28950336131039656,1.2059700081322802
845,euclidean,average,level,3,6,0.1982754038804867,1.344966520613604
846,euclidean,average,level,3,7,0.3189325076715457,1.3570666618669927
847,euclidean,average,level,3,8,0.3158836044860621,1.2615771690532647
848,euclidean,average,level,3,9,0.29508991112405053,1.2759639927519388
849,euclidean,average,level,3,10,0.28950336131039656,1.2059700081322802
850,euclidean,average,level,4,6,0.1982754038804867,1.344966520613604
851,euclidean,average,level,4,7,0.3189325076715457,1.3570666618669927
852,euclidean,average,level,4,8,0.3158836044860621,1.2615771690532647
853,euclidean,average,level,4,9,0.29508991112405053,1.2759639927519388
854,euclidean,average,level,4,10,0.28950336131039656,1.2059700081322802
855,euclidean,weighted,,2,6,0.1668642454519837,1.6910925785799342
856,euclidean,weighted,,2,7,0.16232334897996212,1.6351706631526735
857,euclidean,weighted,,2,8,0.15341642814952405,1.5096277117865087
858,euclidean,weighted,,2,9,0.15248883197066931,1.3958416128279394
859,euclidean,weighted,,2,10,0.1518779236710839,1.4970112364853212
860,euclidean,weighted,,3,6,0.1668642454519837,1.6910925785799342
861,euclidean,weighted,,3,7,0.16232334897996212,1.6351706631526735
862,euclidean,weighted,,3,8,0.15341642814952405,1.5096277117865087
863,euclidean,weighted,,3,9,0.15248883197066931,1.3958416128279394
864,euclidean,weighted,,3,10,0.1518779236710839,1.4970112364853212
865,euclidean,weighted,,4,6,0.1668642454519837,1.6910925785799342
866,euclidean,weighted,,4,7,0.16232334897996212,1.6351706631526735
867,euclidean,weighted,,4,8,0.15341642814952405,1.5096277117865087
868,euclidean,weighted,,4,9,0.15248883197066931,1.3958416128279394
869,euclidean,weighted,,4,10,0.1518779236710839,1.4970112364853212
870,euclidean,weighted,lastp,2,6,0.1668642454519837,1.6910925785799342
871,euclidean,weighted,lastp,2,7,0.16232334897996212,1.6351706631526735
872,euclidean,weighted,lastp,2,8,0.15341642814952405,1.5096277117865087
873,euclidean,weighted,lastp,2,9,0.15248883197066931,1.3958416128279394
874,euclidean,weighted,lastp,2,10,0.1518779236710839,1.4970112364853212
875,euclidean,weighted,lastp,3,6,0.1668642454519837,1.6910925785799342
876,euclidean,weighted,lastp,3,7,0.16232334897996212,1.6351706631526735
877,euclidean,weighted,lastp,3,8,0.15341642814952405,1.5096277117865087
878,euclidean,weighted,lastp,3,9,0.15248883197066931,1.3958416128279394
879,euclidean,weighted,lastp,3,10,0.1518779236710839,1.4970112364853212
880,euclidean,weighted,lastp,4,6,0.1668642454519837,1.6910925785799342
881,euclidean,weighted,lastp,4,7,0.16232334897996212,1.6351706631526735
882,euclidean,weighted,lastp,4,8,0.15341642814952405,1.5096277117865087
883,euclidean,weighted,lastp,4,9,0.15248883197066931,1.3958416128279394
884,euclidean,weighted,lastp,4,10,0.1518779236710839,1.4970112364853212
885,euclidean,weighted,level,2,6,0.1668642454519837,1.6910925785799342
886,euclidean,weighted,level,2,7,0.16232334897996212,1.6351706631526735
887,euclidean,weighted,level,2,8,0.15341642814952405,1.5096277117865087
888,euclidean,weighted,level,2,9,0.15248883197066931,1.3958416128279394
889,euclidean,weighted,level,2,10,0.1518779236710839,1.4970112364853212
890,euclidean,weighted,level,3,6,0.1668642454519837,1.6910925785799342
891,euclidean,weighted,level,3,7,0.16232334897996212,1.6351706631526735
892,euclidean,weighted,level,3,8,0.15341642814952405,1.5096277117865087
893,euclidean,weighted,level,3,9,0.15248883197066931,1.3958416128279394
894,euclidean,weighted,level,3,10,0.1518779236710839,1.4970112364853212
895,euclidean,weighted,level,4,6,0.1668642454519837,1.6910925785799342
896,euclidean,weighted,level,4,7,0.16232334897996212,1.6351706631526735
897,euclidean,weighted,level,4,8,0.15341642814952405,1.5096277117865087
898,euclidean,weighted,level,4,9,0.15248883197066931,1.3958416128279394
899,euclidean,weighted,level,4,10,0.1518779236710839,1.4970112364853212
900,euclidean,ward,,2,6,0.35552720356320516,1.459853379046501
901,euclidean,ward,,2,7,0.3573964908822856,1.5165310930542493
902,euclidean,ward,,2,8,0.37428050722043504,1.427441360875183
903,euclidean,ward,,2,9,0.3690212167511685,1.477131781848148
904,euclidean,ward,,2,10,0.3705317171775998,1.3977371576421198
905,euclidean,ward,,3,6,0.35552720356320516,1.459853379046501
906,euclidean,ward,,3,7,0.3573964908822856,1.5165310930542493
907,euclidean,ward,,3,8,0.37428050722043504,1.427441360875183
908,euclidean,ward,,3,9,0.3690212167511685,1.477131781848148
909,euclidean,ward,,3,10,0.3705317171775998,1.3977371576421198
910,euclidean,ward,,4,6,0.35552720356320516,1.459853379046501
911,euclidean,ward,,4,7,0.3573964908822856,1.5165310930542493
912,euclidean,ward,,4,8,0.37428050722043504,1.427441360875183
913,euclidean,ward,,4,9,0.3690212167511685,1.477131781848148
914,euclidean,ward,,4,10,0.3705317171775998,1.3977371576421198
915,euclidean,ward,lastp,2,6,0.35552720356320516,1.459853379046501
916,euclidean,ward,lastp,2,7,0.3573964908822856,1.5165310930542493
917,euclidean,ward,lastp,2,8,0.37428050722043504,1.427441360875183
918,euclidean,ward,lastp,2,9,0.3690212167511685,1.477131781848148
919,euclidean,ward,lastp,2,10,0.3705317171775998,1.3977371576421198
920,euclidean,ward,lastp,3,6,0.35552720356320516,1.459853379046501
921,euclidean,ward,lastp,3,7,0.3573964908822856,1.5165310930542493
922,euclidean,ward,lastp,3,8,0.37428050722043504,1.427441360875183
923,euclidean,ward,lastp,3,9,0.3690212167511685,1.477131781848148
924,euclidean,ward,lastp,3,10,0.3705317171775998,1.3977371576421198
925,euclidean,ward,lastp,4,6,0.35552720356320516,1.459853379046501
926,euclidean,ward,lastp,4,7,0.3573964908822856,1.5165310930542493
927,euclidean,ward,lastp,4,8,0.37428050722043504,1.427441360875183
928,euclidean,ward,lastp,4,9,0.3690212167511685,1.477131781848148
929,euclidean,ward,lastp,4,10,0.3705317171775998,1.3977371576421198
930,euclidean,ward,level,2,6,0.35552720356320516,1.459853379046501
931,euclidean,ward,level,2,7,0.3573964908822856,1.5165310930542493
932,euclidean,ward,level,2,8,0.37428050722043504,1.427441360875183
933,euclidean,ward,level,2,9,0.3690212167511685,1.477131781848148
934,euclidean,ward,level,2,10,0.3705317171775998,1.3977371576421198
935,euclidean,ward,level,3,6,0.35552720356320516,1.459853379046501
936,euclidean,ward,level,3,7,0.3573964908822856,1.5165310930542493
937,euclidean,ward,level,3,8,0.37428050722043504,1.427441360875183
938,euclidean,ward,level,3,9,0.3690212167511685,1.477131781848148
939,euclidean,ward,level,3,10,0.3705317171775998,1.3977371576421198
940,euclidean,ward,level,4,6,0.35552720356320516,1.459853379046501
941,euclidean,ward,level,4,7,0.3573964908822856,1.5165310930542493
942,euclidean,ward,level,4,8,0.37428050722043504,1.427441360875183
943,euclidean,ward,level,4,9,0.3690212167511685,1.477131781848148
944,euclidean,ward,level,4,10,0.3705317171775998,1.3977371576421198
945,euclidean,median,,2,6,0.211670881094413,0.7374960365770553
946,euclidean,median,,2,7,0.20598209102266263,0.6055718836599946
947,euclidean,median,,2,8,0.20598209102266263,0.6055718836599946
948,euclidean,median,,2,9,0.20598209102266263,0.6055718836599946
949,euclidean,median,,2,10,0.20598209102266263,0.6055718836599946
950,euclidean,median,,3,6,0.211670881094413,0.7374960365770553
951,euclidean,median,,3,7,0.20598209102266263,0.6055718836599946
952,euclidean,median,,3,8,0.20598209102266263,0.6055718836599946
953,euclidean,median,,3,9,0.20598209102266263,0.6055718836599946
954,euclidean,median,,3,10,0.20598209102266263,0.6055718836599946
955,euclidean,median,,4,6,0.211670881094413,0.7374960365770553
956,euclidean,median,,4,7,0.20598209102266263,0.6055718836599946
957,euclidean,median,,4,8,0.20598209102266263,0.6055718836599946
958,euclidean,median,,4,9,0.20598209102266263,0.6055718836599946
959,euclidean,median,,4,10,0.20598209102266263,0.6055718836599946
960,euclidean,median,lastp,2,6,0.211670881094413,0.7374960365770553
961,euclidean,median,lastp,2,7,0.20598209102266263,0.6055718836599946
962,euclidean,median,lastp,2,8,0.20598209102266263,0.6055718836599946
963,euclidean,median,lastp,2,9,0.20598209102266263,0.6055718836599946
964,euclidean,median,lastp,2,10,0.20598209102266263,0.6055718836599946
965,euclidean,median,lastp,3,6,0.211670881094413,0.7374960365770553
966,euclidean,median,lastp,3,7,0.20598209102266263,0.6055718836599946
967,euclidean,median,lastp,3,8,0.20598209102266263,0.6055718836599946
968,euclidean,median,lastp,3,9,0.20598209102266263,0.6055718836599946
969,euclidean,median,lastp,3,10,0.20598209102266263,0.6055718836599946
970,euclidean,median,lastp,4,6,0.211670881094413,0.7374960365770553
971,euclidean,median,lastp,4,7,0.20598209102266263,0.6055718836599946
972,euclidean,median,lastp,4,8,0.20598209102266263,0.6055718836599946
973,euclidean,median,lastp,4,9,0.20598209102266263,0.6055718836599946
974,euclidean,median,lastp,4,10,0.20598209102266263,0.6055718836599946
975,euclidean,median,level,2,6,0.211670881094413,0.7374960365770553
976,euclidean,median,level,2,7,0.20598209102266263,0.6055718836599946
977,euclidean,median,level,2,8,0.20598209102266263,0.6055718836599946
978,euclidean,median,level,2,9,0.20598209102266263,0.6055718836599946
979,euclidean,median,level,2,10,0.20598209102266263,0.6055718836599946
980,euclidean,median,level,3,6,0.211670881094413,0.7374960365770553
981,euclidean,median,level,3,7,0.20598209102266263,0.6055718836599946
982,euclidean,median,level,3,8,0.20598209102266263,0.6055718836599946
983,euclidean,median,level,3,9,0.20598209102266263,0.6055718836599946
984,euclidean,median,level,3,10,0.20598209102266263,0.6055718836599946
985,euclidean,median,level,4,6,0.211670881094413,0.7374960365770553
986,euclidean,median,level,4,7,0.20598209102266263,0.6055718836599946
987,euclidean,median,level,4,8,0.20598209102266263,0.6055718836599946
988,euclidean,median,level,4,9,0.20598209102266263,0.6055718836599946
989,euclidean,median,level,4,10,0.20598209102266263,0.6055718836599946
990,euclidean,centroid,,2,6,0.18177604254662963,0.8080241158090056
991,euclidean,centroid,,2,7,0.1555771858573436,0.7877025060786869
992,euclidean,centroid,,2,8,0.12712960343238236,0.8630093628024792
993,euclidean,centroid,,2,9,0.12293718965886545,0.7729139969100591
994,euclidean,centroid,,2,10,0.10975466869501788,0.7649021961167446
995,euclidean,centroid,,3,6,0.18177604254662963,0.8080241158090056
996,euclidean,centroid,,3,7,0.1555771858573436,0.7877025060786869
997,euclidean,centroid,,3,8,0.12712960343238236,0.8630093628024792
998,euclidean,centroid,,3,9,0.12293718965886545,0.7729139969100591
999,euclidean,centroid,,3,10,0.10975466869501788,0.7649021961167446
1000,euclidean,centroid,,4,6,0.18177604254662963,0.8080241158090056
1001,euclidean,centroid,,4,7,0.1555771858573436,0.7877025060786869
1002,euclidean,centroid,,4,8,0.12712960343238236,0.8630093628024792
1003,euclidean,centroid,,4,9,0.12293718965886545,0.7729139969100591
1004,euclidean,centroid,,4,10,0.10975466869501788,0.7649021961167446
1005,euclidean,centroid,lastp,2,6,0.18177604254662963,0.8080241158090056
1006,euclidean,centroid,lastp,2,7,0.1555771858573436,0.7877025060786869
1007,euclidean,centroid,lastp,2,8,0.12712960343238236,0.8630093628024792
1008,euclidean,centroid,lastp,2,9,0.12293718965886545,0.7729139969100591
1009,euclidean,centroid,lastp,2,10,0.10975466869501788,0.7649021961167446
1010,euclidean,centroid,lastp,3,6,0.18177604254662963,0.8080241158090056
1011,euclidean,centroid,lastp,3,7,0.1555771858573436,0.7877025060786869
1012,euclidean,centroid,lastp,3,8,0.12712960343238236,0.8630093628024792
1013,euclidean,centroid,lastp,3,9,0.12293718965886545,0.7729139969100591
1014,euclidean,centroid,lastp,3,10,0.10975466869501788,0.7649021961167446
1015,euclidean,centroid,lastp,4,6,0.18177604254662963,0.8080241158090056
1016,euclidean,centroid,lastp,4,7,0.1555771858573436,0.7877025060786869
1017,euclidean,centroid,lastp,4,8,0.12712960343238236,0.8630093628024792
1018,euclidean,centroid,lastp,4,9,0.12293718965886545,0.7729139969100591
1019,euclidean,centroid,lastp,4,10,0.10975466869501788,0.7649021961167446
1020,euclidean,centroid,level,2,6,0.18177604254662963,0.8080241158090056
1021,euclidean,centroid,level,2,7,0.1555771858573436,0.7877025060786869
1022,euclidean,centroid,level,2,8,0.12712960343238236,0.8630093628024792
1023,euclidean,centroid,level,2,9,0.12293718965886545,0.7729139969100591
1024,euclidean,centroid,level,2,10,0.10975466869501788,0.7649021961167446
1025,euclidean,centroid,level,3,6,0.18177604254662963,0.8080241158090056
1026,euclidean,centroid,level,3,7,0.1555771858573436,0.7877025060786869
1027,euclidean,centroid,level,3,8,0.12712960343238236,0.8630093628024792
1028,euclidean,centroid,level,3,9,0.12293718965886545,0.7729139969100591
1029,euclidean,centroid,level,3,10,0.10975466869501788,0.7649021961167446
1030,euclidean,centroid,level,4,6,0.18177604254662963,0.8080241158090056
1031,euclidean,centroid,level,4,7,0.1555771858573436,0.7877025060786869
1032,euclidean,centroid,level,4,8,0.12712960343238236,0.8630093628024792
1033,euclidean,centroid,level,4,9,0.12293718965886545,0.7729139969100591
1034,euclidean,centroid,level,4,10,0.10975466869501788,0.7649021961167446
