,mean_fit_time,std_fit_time,mean_score_time,std_score_time,param_activation,param_alpha,param_batch_size,param_hidden_layer_sizes,param_learning_rate,param_learning_rate_init,param_momentum,param_solver,params,split0_test_accuracy,split1_test_accuracy,split2_test_accuracy,split3_test_accuracy,split4_test_accuracy,mean_test_accuracy,std_test_accuracy,rank_test_accuracy,split0_train_accuracy,split1_train_accuracy,split2_train_accuracy,split3_train_accuracy,split4_train_accuracy,mean_train_accuracy,std_train_accuracy,split0_test_precision,split1_test_precision,split2_test_precision,split3_test_precision,split4_test_precision,mean_test_precision,std_test_precision,rank_test_precision,split0_train_precision,split1_train_precision,split2_train_precision,split3_train_precision,split4_train_precision,mean_train_precision,std_train_precision,split0_test_recall,split1_test_recall,split2_test_recall,split3_test_recall,split4_test_recall,mean_test_recall,std_test_recall,rank_test_recall,split0_train_recall,split1_train_recall,split2_train_recall,split3_train_recall,split4_train_recall,mean_train_recall,std_train_recall,split0_test_f1,split1_test_f1,split2_test_f1,split3_test_f1,split4_test_f1,mean_test_f1,std_test_f1,rank_test_f1,split0_train_f1,split1_train_f1,split2_train_f1,split3_train_f1,split4_train_f1,mean_train_f1,std_train_f1
0,121.8883110523224,16.01051561959847,0.03242526054382324,0.0067508429209181455,tanh,1e-05,8,[10],adaptive,0.01,0.0,adam,"{'activation': 'tanh', 'alpha': 1e-05, 'batch_size': 8, 'hidden_layer_sizes': [10], 'learning_rate': 'adaptive', 'learning_rate_init': 0.01, 'momentum': 0.0, 'solver': 'adam'}",0.8262757871878393,0.8451928299837045,0.8365019011406845,0.8261814231395981,0.8413905486148832,0.8351084980133419,0.007756402898927675,1,0.8400325909831613,0.8377460964019009,0.8400543109300747,0.8437202987101154,0.838153428377461,0.8399413450805426,0.002112692146556301,0.756021756021756,0.7749603803486529,0.7707667731629393,0.7542503863987635,0.7722222222222223,0.7656443036308668,0.008703019762068913,22,0.769185360094451,0.7662032504405718,0.7703557312252964,0.7733386075949367,0.7671179124975476,0.7692401723705607,0.002520774841585281,0.9938712972420838,0.9989785495403473,0.9856996935648621,0.9979550102249489,0.9948875255623721,0.994278415226923,0.004684865828456158,4,0.9987225344915688,0.9997445068983137,0.99591211037302,0.9987228607918263,0.9987228607918263,0.9983649746693108,0.001288694409605908,0.8587819947043248,0.8728246318607763,0.8650829224562976,0.8591549295774648,0.86952636282395,0.8650741682845627,0.005559148023460734,1,0.8690529124055136,0.8675313158186454,0.8687318921328281,0.8716976925649313,0.8677319130048824,0.8689491451853602,0.0014902599449002154
1,82.91234531402588,7.28802313420438,0.024799871444702148,0.0034304973535187865,tanh,1e-05,8,[10],adaptive,0.01,0.2,adam,"{'activation': 'tanh', 'alpha': 1e-05, 'batch_size': 8, 'hidden_layer_sizes': [10], 'learning_rate': 'adaptive', 'learning_rate_init': 0.01, 'momentum': 0.2, 'solver': 'adam'}",0.8262757871878393,0.8413905486148832,0.8326996197718631,0.8261814231395981,0.844106463878327,0.8341307685185022,0.007472080237163036,4,0.8436990765888104,0.8386965376782077,0.8388323150033944,0.845213849287169,0.8424983027834352,0.8417880162682035,0.002614819312906683,0.7588373919874313,0.7728355837966641,0.7673306772908367,0.7550387596899225,0.7752988047808765,0.7658682435091462,0.007827242452600889,20,0.7741615399880929,0.7673597489211456,0.7706968433591423,0.7752430073398136,0.7732592739535806,0.772144082712355,0.0028249414429966204,0.9867211440245148,0.9938712972420838,0.9836567926455567,0.9959100204498977,0.9948875255623721,0.9910093559848849,0.004892777712219061,13,0.9966785896780787,0.9994890137966275,0.9918242207460398,0.9982120051085568,0.9956577266922094,0.9963723112043024,0.0026225130335354885,0.8579040852575488,0.86952636282395,0.8621307072515667,0.8589065255731922,0.871473354231975,0.8639882070276466,0.0055315265131906394,3,0.8714397408689826,0.8681757656458057,0.867389118534242,0.8727110317105851,0.8704778919160339,0.8700387097351298,0.001989370160544236
2,99.12772092819213,26.695781648556277,0.02809882164001465,0.004446575386700099,tanh,1e-05,8,[10],adaptive,0.001,0.0,adam,"{'activation': 'tanh', 'alpha': 1e-05, 'batch_size': 8, 'hidden_layer_sizes': [10], 'learning_rate': 'adaptive', 'learning_rate_init': 0.001, 'momentum': 0.0, 'solver': 'adam'}",0.8230184581976113,0.8403041825095057,0.8381314502987507,0.8202064095600218,0.8392178164041282,0.8321756633940035,0.008697742052222157,16,0.8398967952199892,0.8355736591989138,0.8361167684996605,0.8386965376782077,0.836388323150034,0.8373344167493612,0.0016672842806002824,0.756078431372549,0.7733439744612929,0.7683215130023641,0.7513597513597513,0.7719298245614035,0.7642066989514721,0.008845122541396007,26,0.7712755405673477,0.7648442092886537,0.7651322233104799,0.7701604913810184,0.7671529968454258,0.7677130922785851,0.0026033010318205897,0.9846782431052093,0.9897854954034729,0.9959141981613892,0.9887525562372188,0.9897750511247444,0.9897811088064069,0.003597554717470726,15,0.9933571793561574,0.9971895758814512,0.99795605518651,0.9928480204342274,0.9938697318007663,0.9950441125318225,0.0021038135445206932,0.8553682342502219,0.868279569892473,0.8674377224199289,0.8538631346578366,0.8673835125448027,0.8624664347530526,0.006435605925363249,9,0.8683417085427136,0.8656981257624488,0.8661714158997672,0.8674403035036821,0.8659174362968732,0.8667137980010968,0.0010136925945226991
3,152.9622802734375,26.99417318958824,0.029906749725341797,0.0026652979033413666,tanh,1e-05,8,[10],adaptive,0.001,0.2,adam,"{'activation': 'tanh', 'alpha': 1e-05, 'batch_size': 8, 'hidden_layer_sizes': [10], 'learning_rate': 'adaptive', 'learning_rate_init': 0.001, 'momentum': 0.2, 'solver': 'adam'}",0.8219326818675353,0.8386746333514394,0.8359587180879956,0.8207495926127105,0.8408473655621944,0.831632598296375,0.00855272701971216,19,0.8420695274307441,0.83285811269518,0.836388323150034,0.8389680923285812,0.8365241004752206,0.837361631215952,0.0030553385892706526,0.7565011820330969,0.7693522906793049,0.7671665351223362,0.7496147919876733,0.7720413026211279,0.7629352204887079,0.008495106961794415,27,0.7746057097224995,0.7613481394895772,0.7660577489687684,0.768338249754179,0.7664635344997052,0.7673626764869459,0.004291834598040953,0.9805924412665986,0.9948927477017364,0.992849846782431,0.9948875255623721,0.9938650306748467,0.9914175183975971,0.005465205289489015,11,0.9913132345426674,0.9984670413898825,0.9964230965763924,0.9979565772669221,0.9959131545338442,0.9960146208619417,0.0025324194862938122,0.8540925266903914,0.8677060133630289,0.8655387355298308,0.8550087873462213,0.8690210102816271,0.86227341464222,0.006409481004004805,12,0.8696626695057716,0.8639327954017907,0.8661854525263742,0.8682222222222222,0.8662519440124417,0.8668510167337201,0.0019546598365900525
4,103.1866816520691,16.259718665204744,0.024597787857055665,0.0060524192182723115,tanh,1e-05,8,[10],adaptive,0.005,0.0,adam,"{'activation': 'tanh', 'alpha': 1e-05, 'batch_size': 8, 'hidden_layer_sizes': [10], 'learning_rate': 'adaptive', 'learning_rate_init': 0.005, 'momentum': 0.0, 'solver': 'adam'}",0.8230184581976113,0.8397609994568169,0.8413905486148832,0.8229223248234655,0.8343291689299294,0.8322843000045413,0.00795623894886472,15,0.844785442694188,0.8389680923285812,0.8439918533604888,0.8453496266123557,0.8433129667345554,0.8432815963460338,0.0022649533795519312,0.7601593625498008,0.7722929936305732,0.7745803357314148,0.7538940809968847,0.7764995891536566,0.767485272412466,0.008866808360761012,11,0.7778223380790054,0.7680817610062893,0.7743599920619171,0.7760540970564836,0.7801907854678303,0.7753017947343052,0.004094806643453766,0.9744637385086823,0.9908069458631257,0.9897854954034729,0.9897750511247444,0.9662576687116564,0.9822177799223363,0.01003002238572307,27,0.9910577414409811,0.9984670413898825,0.9969340827797649,0.9966794380587484,0.9818646232439336,0.9930005853826621,0.006110201230747773,0.8540734109221128,0.8680089485458614,0.8690582959641255,0.8558797524314766,0.8610478359908884,0.861613648770893,0.006105334211863972,21,0.871587462082912,0.8682514996667406,0.8716631296772032,0.8726378172872638,0.8694865415064464,0.8707252900441131,0.0016084017550616202
5,78.63730039596558,7.020629857259642,0.03140377998352051,0.020587209903970803,tanh,1e-05,8,[10],adaptive,0.005,0.2,adam,"{'activation': 'tanh', 'alpha': 1e-05, 'batch_size': 8, 'hidden_layer_sizes': [10], 'learning_rate': 'adaptive', 'learning_rate_init': 0.005, 'momentum': 0.2, 'solver': 'adam'}",0.8241042345276873,0.8430200977729495,0.8397609994568169,0.8229223248234655,0.8348723519826181,0.8329360017127077,0.008127642664138334,10,0.8426127104834329,0.8407331975560082,0.8396469789545146,0.8458927359131025,0.8429056347589953,0.8423582515332108,0.0021376976872200274,0.7584846093133386,0.778675282714055,0.7701421800947867,0.7566929133858268,0.7709003215434084,0.766979061410283,0.008247954306844957,12,0.7752247752247752,0.7705824284304047,0.7687315634218289,0.7795655671761866,0.7739372268573699,0.7736083122221131,0.0037722321149709745,0.9816138917262512,0.9846782431052093,0.9959141981613892,0.9826175869120655,0.9805725971370143,0.9850793034083859,0.005584537963462927,21,0.9913132345426674,0.9971895758814512,0.9987225344915688,0.9900383141762452,0.99514687100894,0.9944821060201745,0.0033329437905296757,0.8557435440783615,0.8696436626071267,0.8685968819599109,0.854982206405694,0.8631863186318632,0.8624305227365913,0.0061776646079075535,10,0.870052696490638,0.8693618443033745,0.8687631959106568,0.8722853606391358,0.8707118113755727,0.8702349817438755,0.0012159909994904643
6,50.899750280380246,9.28955739914184,0.11613945960998535,0.1957719802744252,tanh,1e-05,16,[10],adaptive,0.01,0.0,adam,"{'activation': 'tanh', 'alpha': 1e-05, 'batch_size': 16, 'hidden_layer_sizes': [10], 'learning_rate': 'adaptive', 'learning_rate_init': 0.01, 'momentum': 0.0, 'solver': 'adam'}",0.8251900108577633,0.8457360130363932,0.8381314502987507,0.8267246061922868,0.8370450841933732,0.8345654329157135,0.007655378673050058,3,0.8443780554046714,0.8418194161575017,0.8411405295315683,0.8502376103190767,0.8430414120841819,0.8441234046994002,0.003250383756691949,0.7588652482269503,0.7800161160354553,0.7704527402700556,0.7580266249021144,0.7720706260032103,0.7678862710875572,0.008364451027277548,9,0.7759170653907496,0.7719090009891196,0.7705047318611987,0.781312525010004,0.7747460665206134,0.774877877954337,0.0037534145707499803,0.9836567926455567,0.9887640449438202,0.9908069458631257,0.9897750511247444,0.983640081799591,0.9873285832753677,0.0030734947859893834,18,0.9943791517629024,0.9969340827797649,0.9984670413898825,0.9974457215836526,0.9936143039591315,0.9961680602950669,0.001856145902105446,0.8567615658362989,0.872072072072072,0.8668453976764969,0.8585365853658536,0.8651079136690647,0.8638647069239573,0.0055970423564049255,4,0.8716685330347144,0.8701081502954621,0.8697974627197864,0.8762481768203747,0.8706356311548791,0.8716915908050433,0.002365293369094116
7,32.9638876914978,7.845917219117556,0.018599462509155274,0.0014962631496807915,tanh,1e-05,16,[10],adaptive,0.01,0.2,adam,"{'activation': 'tanh', 'alpha': 1e-05, 'batch_size': 16, 'hidden_layer_sizes': [10], 'learning_rate': 'adaptive', 'learning_rate_init': 0.01, 'momentum': 0.2, 'solver': 'adam'}",0.8186753528773073,0.8386746333514394,0.8365019011406845,0.8245518739815317,0.8403041825095057,0.8317415887720937,0.008561123894974888,18,0.8456002172732211,0.8395112016293279,0.8374745417515275,0.8468431771894094,0.8395112016293279,0.8417880678945628,0.003716486529888889,0.7553444180522565,0.7723642172523961,0.7677725118483413,0.7552611067809821,0.7714285714285715,0.7644341650725095,0.007612102289868529,25,0.7778667200320192,0.7697472353870458,0.7665293309790072,0.779090727017825,0.7685203379838869,0.7723508702799567,0.00512235257462102,0.9744637385086823,0.9877425944841676,0.992849846782431,0.99079754601227,0.9938650306748467,0.9879437512924796,0.007057289500879782,16,0.9931016862544711,0.99591211037302,0.9982115482881962,0.9936143039591315,0.998978288633461,0.9959635875016559,0.002360254749747004,0.8510258697591437,0.8668758404303003,0.865924276169265,0.8571428571428572,0.8686327077747991,0.8619203102552732,0.006740299619174038,19,0.8724048928290876,0.8683448429494319,0.8671623571190767,0.8733722496632241,0.868725011106175,0.8700018707333991,0.002431991713529137
8,42.9132954120636,22.509314901158778,0.021200275421142577,0.004357896987798473,tanh,1e-05,16,[10],adaptive,0.001,0.0,adam,"{'activation': 'tanh', 'alpha': 1e-05, 'batch_size': 16, 'hidden_layer_sizes': [10], 'learning_rate': 'adaptive', 'learning_rate_init': 0.001, 'momentum': 0.0, 'solver': 'adam'}",0.8268186753528773,0.8413905486148832,0.8316132536664856,0.8120586637696904,0.8381314502987507,0.8300025183405374,0.010300291351517336,27,0.8401683867463335,0.836388323150034,0.828377460964019,0.8338085539714868,0.8343516632722335,0.8346188776208214,0.0038369597032954545,0.7574102964118564,0.7759036144578313,0.7603112840466926,0.7401215805471124,0.7707006369426752,0.7608894824812336,0.012372774230198233,30,0.7704011065006916,0.7666863555818074,0.7563854489164087,0.7631527478975161,0.7642675034320455,0.764178632465694,0.004621729229888874,0.9918283963227783,0.9867211440245148,0.9979570990806946,0.9959100204498977,0.9897750511247444,0.992438342200526,0.004065974315744609,9,0.9961676034747062,0.9948901379662749,0.9987225344915688,0.9966794380587484,0.9954022988505747,0.9963724025683746,0.001326464706764542,0.8589119858469704,0.8687050359712231,0.8630742049469964,0.8491717523975589,0.8666069829901523,0.8612939924305802,0.006912933536980592,24,0.8688579387186629,0.8660068942510842,0.8608236071349924,0.8644217988480284,0.8646549811404483,0.8649530440186431,0.002599312017337398
9,43.6994505405426,10.040397471387628,0.019600343704223634,0.005535558499037507,tanh,1e-05,16,[10],adaptive,0.001,0.2,adam,"{'activation': 'tanh', 'alpha': 1e-05, 'batch_size': 16, 'hidden_layer_sizes': [10], 'learning_rate': 'adaptive', 'learning_rate_init': 0.001, 'momentum': 0.2, 'solver': 'adam'}",0.8241042345276873,0.8321564367191744,0.8359587180879956,0.8245518739815317,0.8397609994568169,0.8313064525546412,0.006186140754977572,20,0.837588267246062,0.830142566191446,0.8324507807196199,0.8408689748811948,0.8377460964019009,0.8357593370880447,0.003896030210848222,0.7544677544677545,0.7629513343799058,0.7663257277734068,0.7552611067809821,0.7729816147082335,0.7623975076220566,0.006950829626735147,28,0.767309205350118,0.7587949465500486,0.7620258114978491,0.7713155291790307,0.7689873417721519,0.7656865668698398,0.004606709189810482,0.9918283963227783,0.992849846782431,0.9948927477017364,0.99079754601227,0.9887525562372188,0.9918242186112869,0.0020472893172920376,10,0.9966785896780787,0.9974450689831375,0.9956566172713337,0.9959131545338442,0.993103448275862,0.9957593757484512,0.0014679696106526428,0.8570167696381289,0.8628495339547271,0.8657777777777778,0.8571428571428572,0.8676536563481383,0.8620881189723258,0.004366754854330583,16,0.8670815736830406,0.8619052875593333,0.8633141338059371,0.8693422519509475,0.8667929996655892,0.8656872493329697,0.002700399247911452
10,58.796308755874634,10.669305654445418,0.018999719619750978,0.003405490769878675,tanh,1e-05,16,[10],adaptive,0.005,0.0,adam,"{'activation': 'tanh', 'alpha': 1e-05, 'batch_size': 16, 'hidden_layer_sizes': [10], 'learning_rate': 'adaptive', 'learning_rate_init': 0.005, 'momentum': 0.0, 'solver': 'adam'}",0.8208469055374593,0.8392178164041282,0.8392178164041282,0.8229223248234655,0.8397609994568169,0.8323931725251995,0.008607550631675466,14,0.846279196089082,0.8393754243041412,0.841683638832315,0.8457569585879158,0.8384249830278343,0.8423040401682578,0.0032166219300235484,0.7577442414614773,0.7760711398544866,0.7815333882934872,0.7562893081761006,0.771678599840891,0.7686633355252885,0.010019469149028369,3,0.7780887644942023,0.7715251541061842,0.7783630470016207,0.7813322534926098,0.7680503639582923,0.7754719166105819,0.0049031919030704954,0.9744637385086823,0.9805924412665986,0.9683350357507661,0.983640081799591,0.9918200408997955,0.9797702676450866,0.007997152574468029,30,0.9943791517629024,0.9913132345426674,0.9816044966785897,0.9856960408684546,0.9971902937420178,0.9900366435189264,0.0056851333442851405,0.8525469168900804,0.8664259927797834,0.864963503649635,0.8551111111111112,0.8680089485458613,0.8614112945952943,0.006317656665786094,23,0.8730372364288917,0.8677177680867717,0.8682485875706215,0.8716964084029817,0.8677483885307846,0.8696896778040102,0.0022345867394180908
11,52.59487853050232,13.073055265557256,0.025602293014526368,0.004924323902038133,tanh,1e-05,16,[10],adaptive,0.005,0.2,adam,"{'activation': 'tanh', 'alpha': 1e-05, 'batch_size': 16, 'hidden_layer_sizes': [10], 'learning_rate': 'adaptive', 'learning_rate_init': 0.005, 'momentum': 0.2, 'solver': 'adam'}",0.8230184581976113,0.8430200977729495,0.8403041825095057,0.8229223248234655,0.8370450841933732,0.8332620294993811,0.008613519188658684,7,0.8411189570885388,0.8380176510522742,0.8403258655804481,0.845213849287169,0.8427698574338085,0.8414892360884476,0.0024106088297491703,0.7544816835541699,0.7738095238095238,0.7751004016064257,0.7554858934169278,0.7729468599033816,0.7663648724580857,0.009323274376313292,19,0.770611439842209,0.7668170229456757,0.7744587008821171,0.7788944723618091,0.7748753738783649,0.7731314019820351,0.004104576283821454,0.9887640449438202,0.9959141981613892,0.9856996935648621,0.9856850715746421,0.9815950920245399,0.9875316200538506,0.004770629891918215,17,0.9982115482881962,0.9989780275932549,0.986969851814001,0.9897828863346104,0.9925925925925926,0.9933069813245311,0.0046755609305113004,0.8558797524314766,0.8709245198749441,0.8678057553956834,0.8553682342502218,0.8648648648648649,0.8629686253634382,0.006297743614870105,7,0.8697684772929654,0.8676356374126262,0.867894855088744,0.8717660292463442,0.8703247480403136,0.8694779494161986,0.0015451268449047557
12,29.67653203010559,2.316226491360411,0.026603031158447265,0.003438501103990094,tanh,1e-05,32,[10],adaptive,0.01,0.0,adam,"{'activation': 'tanh', 'alpha': 1e-05, 'batch_size': 32, 'hidden_layer_sizes': [10], 'learning_rate': 'adaptive', 'learning_rate_init': 0.01, 'momentum': 0.0, 'solver': 'adam'}",0.8251900108577633,0.8424769147202608,0.8381314502987507,0.8202064095600218,0.830526887561108,0.8313063345995808,0.008155848873341377,21,0.8427485062466051,0.8397827562797013,0.8344874405974202,0.8415478615071283,0.8427698574338085,0.8402672844129327,0.00308870760191047,0.7564402810304449,0.7753796962430056,0.7683215130023641,0.7490377213240954,0.7733990147783252,0.7645156452756471,0.010160749222753682,24,0.7728712871287129,0.7699447077409163,0.7632350068372729,0.7708990536277602,0.7802398861557227,0.7714379882980771,0.005465107385621813,0.9897854954034729,0.9908069458631257,0.9959141981613892,0.9948875255623721,0.9631901840490797,0.9869168698078878,0.012089669906805727,19,0.9971895758814512,0.9961676034747062,0.9982115482881962,0.9987228607918263,0.9803320561941251,0.9941247289260609,0.00695196883660225,0.8575221238938052,0.8699551569506727,0.8674377224199289,0.8546332894158979,0.8579234972677596,0.8614943579896129,0.006041732397102795,22,0.8708165997322623,0.8685676097126308,0.8650503708623934,0.8701457661065983,0.8689155535431289,0.8686991799914028,0.001997699379773785
13,34.64835314750671,4.140742560563126,0.023997402191162108,0.0015518243714790344,tanh,1e-05,32,[10],adaptive,0.01,0.2,adam,"{'activation': 'tanh', 'alpha': 1e-05, 'batch_size': 32, 'hidden_layer_sizes': [10], 'learning_rate': 'adaptive', 'learning_rate_init': 0.01, 'momentum': 0.2, 'solver': 'adam'}",0.8235613463626493,0.837588267246062,0.8392178164041282,0.8164041281912005,0.8359587180879956,0.8305460552584071,0.008976295109754204,25,0.8420695274307441,0.8373387644263408,0.843448744059742,0.8441276306856755,0.8423625254582485,0.8418694384121501,0.0023834351633223315,0.755868544600939,0.7702702702702703,0.783402489626556,0.7503912363067292,0.7721417069243156,0.766414849545762,0.01186778672824184,18,0.7748251748251749,0.7670074714903657,0.7829473252715721,0.7770879230923292,0.7738663484486874,0.7751468486256258,0.005149909142427099,0.9867211440245148,0.9897854954034729,0.9642492339121552,0.9805725971370143,0.9805725971370143,0.9803802135228343,0.008819855474910753,29,0.9908022483392949,0.9966785896780787,0.9759836484414921,0.9910600255427842,0.9938697318007663,0.9896788487604831,0.007173396145003119,0.8560035445281348,0.8663388466696469,0.8644688644688644,0.8501773049645389,0.8639639639639639,0.8601905049190298,0.006134171020233741,30,0.8696042157192511,0.8668888888888889,0.8688729671329466,0.8711270767849123,0.8701777926870178,0.8693341882426033,0.00142767268399955
14,27.032305669784545,7.259773264671791,0.026601219177246095,0.00546185857777045,tanh,1e-05,32,[10],adaptive,0.001,0.0,adam,"{'activation': 'tanh', 'alpha': 1e-05, 'batch_size': 32, 'hidden_layer_sizes': [10], 'learning_rate': 'adaptive', 'learning_rate_init': 0.001, 'momentum': 0.0, 'solver': 'adam'}",0.8262757871878393,0.8343291689299294,0.8365019011406845,0.8164041281912005,0.8397609994568169,0.8306543969812941,0.008400831467527695,24,0.8307984790874525,0.8295994568906992,0.8338085539714868,0.8361167684996605,0.8331296673455533,0.8326905851589703,0.002294189140987996,0.7540478026214341,0.7641065830721003,0.7669291338582677,0.7457757296466974,0.7699604743083004,0.76016394470136,0.008963393335025473,33,0.7589285714285714,0.7586072748492512,0.7634155895025461,0.7654901960784314,0.7625097732603596,0.761790281023832,0.0026521530218175885,0.9989785495403473,0.9959141981613892,0.9948927477017364,0.9928425357873211,0.9959100204498977,0.9957076103281384,0.0019826923586149106,2,0.9989780275932549,0.9964230965763924,0.99591211037302,0.9971902937420178,0.9964240102171137,0.9969855077003598,0.0010766466797269307,0.859402460456942,0.8647450110864746,0.8661627389951089,0.8517543859649122,0.8684797146678556,0.8621088622342586,0.005975127574982664,15,0.8625634237811604,0.8614025400331308,0.8643015521064302,0.866112035496395,0.8639131879083158,0.8636585478650864,0.0015991726398376452
15,27.24606590270996,9.255863673057982,0.0261995792388916,0.0021327582574340643,tanh,1e-05,32,[10],adaptive,0.001,0.2,adam,"{'activation': 'tanh', 'alpha': 1e-05, 'batch_size': 32, 'hidden_layer_sizes': [10], 'learning_rate': 'adaptive', 'learning_rate_init': 0.001, 'momentum': 0.2, 'solver': 'adam'}",0.8273615635179153,0.8321564367191744,0.8321564367191744,0.8191200434546442,0.8397609994568169,0.8301110959735449,0.006780127417176232,26,0.8314774579033134,0.8287847929395791,0.8279701289884589,0.8373387644263408,0.83326544467074,0.8317673177856865,0.0033670021622870007,0.7548188126445644,0.7609034267912772,0.7609034267912772,0.7475057559478128,0.7708168120539255,0.7589896468457714,0.007700422745678138,34,0.7597667638483965,0.757123473541384,0.7561447648538804,0.7664247891743479,0.7625561852648036,0.7604031953365624,0.0037467534812714023,1.0,0.9979570990806946,0.9979570990806946,0.9959100204498977,0.9938650306748467,0.9971378498572268,0.002085816505550734,1,0.9987225344915688,0.99795605518651,0.9982115482881962,0.9982120051085568,0.9966794380587484,0.997956316226716,0.0006852778360450339,0.8602811950790862,0.8634555899248785,0.8634555899248785,0.8540113985094256,0.8682447521214829,0.8618897051119504,0.00468925649623254,20,0.8630091621591788,0.861016201917778,0.8604779209338178,0.867095629021522,0.8640389725420726,0.8631275773148739,0.002369332511954601
16,28.89584355354309,7.116879668953117,0.025999689102172853,0.0033476086954317683,tanh,1e-05,32,[10],adaptive,0.005,0.0,adam,"{'activation': 'tanh', 'alpha': 1e-05, 'batch_size': 32, 'hidden_layer_sizes': [10], 'learning_rate': 'adaptive', 'learning_rate_init': 0.005, 'momentum': 0.0, 'solver': 'adam'}",0.8251900108577633,0.8430200977729495,0.8370450841933732,0.8207495926127105,0.8430200977729495,0.8338049766419493,0.00921949998076257,6,0.8396252036936448,0.8392396469789545,0.8380176510522742,0.8395112016293279,0.8385607603530211,0.8389908927414444,0.0006110914253498826,0.7552447552447552,0.7751196172248804,0.7757920389926889,0.7496147919876733,0.7731958762886598,0.7657934159477315,0.01108845370665855,21,0.7687315634218289,0.768595041322314,0.7733574442435202,0.7688373008066103,0.7676747839748626,0.7694392267538271,0.0020020708227704233,0.992849846782431,0.992849846782431,0.975485188968335,0.9948875255623721,0.9969325153374233,0.9906009846865984,0.007707979692635803,14,0.9987225344915688,0.99795605518651,0.9833929483903935,0.9982120051085568,0.9984674329501916,0.9953501952254442,0.005984079828620786,0.8578993821712267,0.8705776981639051,0.8642533936651584,0.8550087873462213,0.8709245198749441,0.8637327562442911,0.006465008023767144,5,0.8687631959106568,0.8683859493108048,0.8658193679001237,0.8686374749944432,0.8679915621183524,0.8679195100468762,0.0010826480154863367
17,36.287796354293825,5.767437851267393,0.022600555419921876,0.002503232531038615,tanh,1e-05,32,[10],adaptive,0.005,0.2,adam,"{'activation': 'tanh', 'alpha': 1e-05, 'batch_size': 32, 'hidden_layer_sizes': [10], 'learning_rate': 'adaptive', 'learning_rate_init': 0.005, 'momentum': 0.2, 'solver': 'adam'}",0.8273615635179153,0.8451928299837045,0.8310700706137969,0.8202064095600218,0.8403041825095057,0.8328270112369888,0.008956105284410034,12,0.8351439435089625,0.839918533604888,0.8378818737270876,0.8480651731160896,0.8385607603530211,0.8399140568620098,0.004362473549828703,0.7548188126445644,0.7825732899022801,0.7728758169934641,0.7565424266455194,0.7714285714285715,0.7676477835228799,0.010510079704827119,10,0.7635689183912534,0.7723561043616809,0.7763104429093864,0.7834549878345499,0.768095987411487,0.7727572881816716,0.006831990912103016,1.0,0.9816138917262512,0.9662921348314607,0.9754601226993865,0.9938650306748467,0.9834462359863891,0.012198172511754092,24,0.9992335206949412,0.9908022483392949,0.9762391415431784,0.9869731800766284,0.9974457215836526,0.9901387624475391,0.008243383600877046,0.8602811950790862,0.8708654281830538,0.8588288697231049,0.8521661456007146,0.8686327077747991,0.8621548692721518,0.006814451654726506,14,0.8656485170429393,0.868047006155568,0.8648709823449525,0.8735164462529672,0.8678742082453604,0.8679914320083574,0.003025527026374552
18,67.64922800064087,17.49559688725539,0.02540102005004883,0.0013524319367954286,tanh,1e-08,8,[10],adaptive,0.01,0.0,adam,"{'activation': 'tanh', 'alpha': 1e-08, 'batch_size': 8, 'hidden_layer_sizes': [10], 'learning_rate': 'adaptive', 'learning_rate_init': 0.01, 'momentum': 0.0, 'solver': 'adam'}",0.8251900108577633,0.8397609994568169,0.8397609994568169,0.8223791417707768,0.837588267246062,0.8329358837576472,0.007566405078977584,11,0.8403041825095057,0.8433129667345554,0.8401900882552614,0.8393754243041412,0.841683638832315,0.8409732601271557,0.001385133009506908,0.7560405300077943,0.7807881773399015,0.7714285714285715,0.7517401392111369,0.7744543249797898,0.7668903485934387,0.011119408768541478,13,0.768958742632613,0.776663993584603,0.7707220573689416,0.7702809655718243,0.7737502489543916,0.7720752016224747,0.0027794026065925868,0.9908069458631257,0.9713993871297242,0.992849846782431,0.9938650306748467,0.9795501022494888,0.9856942625399233,0.008788600994439599,20,1.0,0.9897802759325498,0.9954011241696474,0.9943805874840358,0.9923371647509579,0.9943798304674383,0.003404636019391168,0.8576480990274095,0.865725989986345,0.8682447521214828,0.8560105680317042,0.8650112866817156,0.8625281391697314,0.0048034458544182635,8,0.8693913816081742,0.8703662098404853,0.8687702084959305,0.8681012375961648,0.8695165622202328,0.8692291199521975,0.0007595582466464344
19,89.38822617530823,15.562230879777145,0.025199747085571288,0.007933265893171051,tanh,1e-08,8,[10],adaptive,0.01,0.2,adam,"{'activation': 'tanh', 'alpha': 1e-08, 'batch_size': 8, 'hidden_layer_sizes': [10], 'learning_rate': 'adaptive', 'learning_rate_init': 0.01, 'momentum': 0.2, 'solver': 'adam'}",0.8230184581976113,0.8435632808256383,0.8316132536664856,0.821835958718088,0.8278109722976643,0.8295683847410975,0.00782072955371588,29,0.846279196089082,0.843448744059742,0.8426340801086218,0.8471147318397828,0.8395112016293279,0.8437975907453114,0.002720675386304139,0.7589214908802537,0.7806661251015434,0.7695406929895245,0.7535101404056163,0.779374471682164,0.7684025842118205,0.01080507338881606,6,0.779654201849618,0.7758241758241758,0.7753347991205277,0.777733519219279,0.7887175153179802,0.7794528422663161,0.004877628187448905,0.9775280898876404,0.9816138917262512,0.975485188968335,0.9877300613496932,0.9427402862985685,0.9730195036460977,0.015706699026897624,33,0.9908022483392949,0.9920797138477261,0.9910577414409811,0.9974457215836526,0.9535121328224776,0.9849795116068265,0.015917690357449037,0.8544642857142857,0.8696832579185519,0.8603603603603602,0.8548672566371682,0.8533086534012031,0.8585367628063139,0.006081995305301891,32,0.8726372637263726,0.8707254176477184,0.8700235505214758,0.8739928379588183,0.8633209990749307,0.870140013785863,0.0036860747245389073
20,93.39621772766114,25.034025475116792,0.020002460479736327,0.00328428456361085,tanh,1e-08,8,[10],adaptive,0.001,0.0,adam,"{'activation': 'tanh', 'alpha': 1e-08, 'batch_size': 8, 'hidden_layer_sizes': [10], 'learning_rate': 'adaptive', 'learning_rate_init': 0.001, 'momentum': 0.0, 'solver': 'adam'}",0.8273615635179153,0.8424769147202608,0.8403041825095057,0.8229223248234655,0.8403041825095057,0.8346738336161306,0.007948043594913544,2,0.8355513307984791,0.8369314324507807,0.8373387644263408,0.8426340801086218,0.8377460964019009,0.8380403408372248,0.0024127195661371947,0.7556071152358855,0.7753796962430056,0.7703235990528808,0.7531055900621118,0.7718600953895072,0.7652552191966782,0.009083141499467456,23,0.7643262272638373,0.7666601140161196,0.7666928515318147,0.7730875941339675,0.7676111767020858,0.767675592729565,0.002915789256036094,0.9979570990806946,0.9908069458631257,0.9969356486210419,0.9918200408997955,0.9928425357873211,0.9940724540503958,0.002847383283535005,7,0.9984670413898825,0.9964230965763924,0.9974450689831375,0.9964240102171137,0.9964240102171137,0.997036645476728,0.0008173039097796317,0.8600352112676056,0.8699551569506727,0.8691006233303651,0.8561341571050308,0.868515205724508,0.8647480708756365,0.005597505147224451,2,0.8658469037332448,0.8665703810687703,0.8669775705085498,0.8706617565003906,0.8671779482049573,0.8674469120031825,0.0016706993174966805
21,107.83087210655212,44.76178127350928,0.027203941345214845,0.004355847428236773,tanh,1e-08,8,[10],adaptive,0.001,0.2,adam,"{'activation': 'tanh', 'alpha': 1e-08, 'batch_size': 8, 'hidden_layer_sizes': [10], 'learning_rate': 'adaptive', 'learning_rate_init': 0.001, 'momentum': 0.2, 'solver': 'adam'}",0.8203040173724213,0.8337859858772406,0.8359587180879956,0.8164041281912005,0.8408473655621944,0.8294600430182104,0.009432999433896458,30,0.8417979359043998,0.8289205702647657,0.8365241004752206,0.8361167684996605,0.8384249830278343,0.8363568716343762,0.004225315566592852,0.7567353407290016,0.7622759158222915,0.7667454688731284,0.7446483180428135,0.7724741447891806,0.7605758376512831,0.009496942933777043,31,0.7748450309938012,0.7565738592420727,0.7655821246569973,0.7650743931088488,0.7684729064039408,0.7661096628811321,0.005902087887077922,0.975485188968335,0.9989785495403473,0.9938712972420838,0.9959100204498977,0.9928425357873211,0.9914175183975968,0.008237021219503562,12,0.9900357690342361,0.9997445068983137,0.99795605518651,0.9982120051085568,0.9961685823754789,0.9964233837206191,0.003389532491667434,0.852298081213744,0.8647214854111406,0.8656583629893237,0.852143482064742,0.868903803131991,0.8607450429621881,0.00709726973419213,27,0.8693213684800897,0.8613251155624038,0.8664596273291925,0.8662307436551036,0.8676307007786429,0.8661935111610864,0.002669175347693186
22,182.94220666885377,38.19724753510145,0.030561494827270507,0.0035093500954564197,tanh,1e-08,8,[10],adaptive,0.005,0.0,adam,"{'activation': 'tanh', 'alpha': 1e-08, 'batch_size': 8, 'hidden_layer_sizes': [10], 'learning_rate': 'adaptive', 'learning_rate_init': 0.005, 'momentum': 0.0, 'solver': 'adam'}",0.8235613463626493,0.844106463878327,0.837588267246062,0.8229223248234655,0.837588267246062,0.8331533339113133,0.008437868161223805,9,0.8453286257468767,0.8430414120841819,0.8423625254582485,0.8479293957909029,0.8418194161575017,0.8440962750475423,0.002258947223568271,0.7591125198098256,0.7785829307568438,0.7782324058919804,0.7583201267828843,0.7718174539631706,0.769213087440941,0.008906209658846406,1,0.7795688091879911,0.7733941316415543,0.7789260385005066,0.7815837195244811,0.7719541139240507,0.7770853625557168,0.003734854982704336,0.9785495403472931,0.9877425944841676,0.9713993871297242,0.9785276073619632,0.9856850715746421,0.980380840179558,0.005827262255506726,28,0.9885028104241186,0.9966785896780787,0.9821154828819622,0.9908045977011494,0.9969348659003832,0.9910072693171383,0.005525894172523545,0.8549754573850961,0.870778928410626,0.8641526578827805,0.8544642857142857,0.8657386618769646,0.8620219982539506,0.006353107613728852,18,0.8716908865607751,0.8709533377986157,0.8687987343202621,0.8738454606893443,0.8701371084605952,0.8710851055659186,0.0016810761880603892
23,167.9230429172516,44.06298614822587,0.0333406925201416,0.014145825032630786,tanh,1e-08,8,[10],adaptive,0.005,0.2,adam,"{'activation': 'tanh', 'alpha': 1e-08, 'batch_size': 8, 'hidden_layer_sizes': [10], 'learning_rate': 'adaptive', 'learning_rate_init': 0.005, 'momentum': 0.2, 'solver': 'adam'}",0.8241042345276873,0.8413905486148832,0.8386746333514394,0.8234655078761542,0.8354155350353069,0.8326100918810942,0.007452766210353108,13,0.8458718087995655,0.8424983027834352,0.8411405295315683,0.8453496266123557,0.8412763068567549,0.8432273149167357,0.0020094834766201607,0.7584846093133386,0.7763475462590507,0.7728,0.7540856031128405,0.7719580983078163,0.7667351713986092,0.008769745885258544,15,0.7764074000397851,0.7732142857142857,0.7730891719745223,0.77682489030714,0.7732882165605095,0.7745647929192485,0.0016813218184671506,0.9816138917262512,0.9856996935648621,0.9867211440245148,0.99079754601227,0.9795501022494888,0.9848764755154773,0.003953587506137032,22,0.9971895758814512,0.9956566172713337,0.9923352069494124,0.9948914431673053,0.9923371647509579,0.9944820016040922,0.0019019661007892118,0.8557435440783615,0.8685868586858686,0.8667563930013459,0.8563853292090147,0.8634520054078414,0.8621848260764864,0.005265268593966652,13,0.8730567050665473,0.8704489613580523,0.8690982322667263,0.8724381229700975,0.8692247454972593,0.8708533534317364,0.0016286558859199126
24,44.48951892852783,11.848914925373782,0.028768539428710938,0.0033177172476728783,tanh,1e-08,16,[10],adaptive,0.01,0.0,adam,"{'activation': 'tanh', 'alpha': 1e-08, 'batch_size': 16, 'hidden_layer_sizes': [10], 'learning_rate': 'adaptive', 'learning_rate_init': 0.01, 'momentum': 0.0, 'solver': 'adam'}",0.8181324647122693,0.8457360130363932,0.8365019011406845,0.8256382400869093,0.8397609994568169,0.8331539236866146,0.009952900133737756,8,0.8401683867463335,0.8458927359131025,0.8396469789545146,0.8437202987101154,0.8415478615071283,0.8421952523662389,0.002324570819605804,0.7571884984025559,0.7827502034174125,0.7716346153846154,0.7548487199379363,0.7742971887550201,0.768143845179508,0.010584656753523132,7,0.7755184215824441,0.7785127280016035,0.7704334058974867,0.7739888977002379,0.7733784321528054,0.7743663770669155,0.002649763034102847,0.9683350357507661,0.982635342185904,0.9836567926455567,0.9948875255623721,0.9856850715746421,0.9830399535438483,0.008533937195229645,25,0.9841594276954522,0.9923352069494124,0.9946346448645886,0.9971902937420178,0.9928480204342274,0.9922335187371397,0.004379815614991121,0.8498431196772748,0.8713768115942029,0.86484059272564,0.8584031760035288,0.8672964462438146,0.8623520292488921,0.0075386094818876434,11,0.8674698795180722,0.8725148826238346,0.8682948589271774,0.871525839937493,0.869477687059613,0.8698566296132381,0.0019043042470417006
25,65.4078646659851,15.17938288818794,0.03691554069519043,0.012197555004235293,tanh,1e-08,16,[10],adaptive,0.01,0.2,adam,"{'activation': 'tanh', 'alpha': 1e-08, 'batch_size': 16, 'hidden_layer_sizes': [10], 'learning_rate': 'adaptive', 'learning_rate_init': 0.01, 'momentum': 0.2, 'solver': 'adam'}",0.8257328990228013,0.8403041825095057,0.8348723519826181,0.8202064095600218,0.8354155350353069,0.8313062756220507,0.007277840273078044,22,0.8453286257468767,0.8446707399864223,0.8404616429056347,0.8484725050916497,0.8431771894093686,0.8444221406279905,0.002627714404031828,0.7586477987421384,0.7851790174854288,0.7689243027888446,0.7610976594027441,0.7715205148833467,0.7690738586605005,0.009356357351324465,2,0.7766699900299102,0.7812753858651503,0.7701716314855,0.7875487980275324,0.7764423076923077,0.7784216226200801,0.005770572824464021,0.9856996935648621,0.9632277834525026,0.9856996935648621,0.9642126789366053,0.9805725971370143,0.9758824893311692,0.010110174723348297,31,0.9951456310679612,0.982881962187021,0.9974450689831375,0.9790549169859515,0.9900383141762452,0.9889131786800632,0.00702087517068081,0.8573967125721903,0.8651376146788992,0.8639212175470009,0.8506991429860171,0.8635749662314274,0.860145930803107,0.005435586128937031,31,0.8724381229700974,0.8705589499886852,0.8691973728153177,0.8729218856752449,0.8703267093297407,0.8710886081558172,0.001387075730127314
26,71.70409173965454,20.111237862617596,0.03265366554260254,0.004067081800074445,tanh,1e-08,16,[10],adaptive,0.001,0.0,adam,"{'activation': 'tanh', 'alpha': 1e-08, 'batch_size': 16, 'hidden_layer_sizes': [10], 'learning_rate': 'adaptive', 'learning_rate_init': 0.001, 'momentum': 0.0, 'solver': 'adam'}",0.8262757871878393,0.8321564367191744,0.8354155350353069,0.8202064095600218,0.8403041825095057,0.8308716702023696,0.007016260347214053,23,0.8355513307984791,0.8289205702647657,0.8334012219959267,0.8389680923285812,0.8369314324507807,0.8347545295677067,0.0034349507139326747,0.756021756021756,0.7621283255086072,0.7657232704402516,0.7494217424826523,0.7718600953895072,0.7610310379685548,0.007750589880025969,29,0.7662005121134529,0.7574699262708576,0.7620440803588844,0.768338249754179,0.766287284144427,0.7640680105283602,0.0038817184503549982,0.9938712972420838,0.9948927477017364,0.9948927477017364,0.9938650306748467,0.9928425357873211,0.9940728718215448,0.0007670658287650425,6,0.99386816555953,0.9974450689831375,0.9982115482881962,0.9979565772669221,0.9974457215836526,0.9969854163362877,0.0015866295722938128,0.8587819947043248,0.8630926007975188,0.8653931585961795,0.8545054945054945,0.868515205724508,0.8620576908656051,0.004932782924567485,17,0.8653097541986431,0.8610498456109397,0.864284924234045,0.8682222222222222,0.8667184552213961,0.8651170402974492,0.0024280985545581577
27,71.38993515968323,26.453369926046875,0.03141827583312988,0.0045942263263285,tanh,1e-08,16,[10],adaptive,0.001,0.2,adam,"{'activation': 'tanh', 'alpha': 1e-08, 'batch_size': 16, 'hidden_layer_sizes': [10], 'learning_rate': 'adaptive', 'learning_rate_init': 0.001, 'momentum': 0.2, 'solver': 'adam'}",0.8257328990228013,0.8343291689299294,0.8348723519826181,0.8147745790331342,0.8392178164041282,0.8297853630745223,0.008686091250333445,28,0.8394894079304726,0.8300067888662593,0.836388323150034,0.835030549898167,0.835030549898167,0.83518912394862,0.0030606342288509343,0.7582417582417582,0.7641065830721003,0.766798418972332,0.741837509491268,0.7710651828298887,0.7604098905214695,0.010174951798141745,32,0.7709242364141213,0.7585470085470085,0.7660577489687684,0.7634660421545667,0.7652259332023575,0.7648441938573646,0.004003478571862029,0.9867211440245148,0.9959141981613892,0.9908069458631257,0.9989775051124744,0.9918200408997955,0.9928479668122598,0.004236351499319489,8,0.9931016862544711,0.9977005620848237,0.9964230965763924,0.9992337164750957,0.9948914431673053,0.9962701009116177,0.002135050007149844,0.8575233022636485,0.8647450110864746,0.8645276292335116,0.8514161220043573,0.8676207513416816,0.8611665631859348,0.005900899126168714,26,0.8680214381420277,0.8618406532774222,0.8661854525263742,0.8655824759376036,0.8650749583564686,0.8653409956479793,0.0020139197931018787
28,125.15035276412964,21.141308106925038,0.0332850456237793,0.005752551616095527,tanh,1e-08,16,[10],adaptive,0.005,0.0,adam,"{'activation': 'tanh', 'alpha': 1e-08, 'batch_size': 16, 'hidden_layer_sizes': [10], 'learning_rate': 'adaptive', 'learning_rate_init': 0.005, 'momentum': 0.0, 'solver': 'adam'}",0.8219326818675353,0.8468223791417708,0.8365019011406845,0.7984790874524715,0.8386746333514394,0.8284821365907803,0.01701556008627818,34,0.844785442694188,0.8391038696537678,0.8407331975560082,0.8380176510522742,0.8458927359131025,0.8417065793738681,0.003109117821134758,0.7569060773480663,0.7781324820430966,0.7681962025316456,0.7556866048862679,0.7807089859851608,0.7679260705588474,0.010381632855969592,8,0.7774884838774284,0.7680219996071499,0.7711177052423344,0.7910607356715141,0.7857730263157895,0.7786923901428433,0.008669415845976528,0.9795709908069459,0.9959141981613892,0.9918283963227783,0.9171779141104295,0.9683026584867076,0.9705588315776501,0.028394086284561738,36,0.9918242207460398,0.9989780275932549,0.99591211037302,0.9448275862068966,0.9762452107279693,0.9815574311294363,0.019961173111821665,0.8539626001780944,0.8736559139784946,0.8658047258136424,0.8286374133949193,0.8644454586946599,0.857301222411962,0.015643439290563936,35,0.8716739642977434,0.8684064408661855,0.8692161890957744,0.8611337446164591,0.870714204351293,0.868228908645491,0.0037253911517626842
29,81.86107578277588,25.32411254383807,0.03315072059631348,0.009879472806794893,tanh,1e-08,16,[10],adaptive,0.005,0.2,adam,"{'activation': 'tanh', 'alpha': 1e-08, 'batch_size': 16, 'hidden_layer_sizes': [10], 'learning_rate': 'adaptive', 'learning_rate_init': 0.005, 'momentum': 0.2, 'solver': 'adam'}",0.8051031487513572,0.8403041825095057,0.8365019011406845,0.8191200434546442,0.8386746333514394,0.8279407818415262,0.013716595195742098,36,0.841933731667572,0.8404616429056347,0.8370672097759674,0.8453496266123557,0.8386965376782077,0.8407017497279474,0.0028428487946163894,0.7654109589041096,0.7729083665338645,0.7681962025316456,0.7549407114624506,0.7717478052673583,0.7666408089398857,0.006421647000574393,17,0.797104580812446,0.7702782711663706,0.7669158143194336,0.7806308127780024,0.7683526864790395,0.7766564331110584,0.011299869472874117,0.9131767109295199,0.9908069458631257,0.9918283963227783,0.976482617586912,0.9887525562372188,0.9722094453879109,0.030025217782923927,34,0.9425140521205927,0.9971895758814512,0.9961676034747062,0.9862068965517241,0.9971902937420178,0.9838536843540984,0.021080069059434745,0.8327899394503959,0.8683974932855864,0.8658047258136424,0.8515381185911725,0.8668758404303003,0.8570812235142196,0.013571178785178849,36,0.8637321470381644,0.869168244070816,0.8666370304512115,0.8714592032501974,0.8679413072476656,0.867787586411611,0.0025760816526834815
30,51.96429514884949,12.169582058877689,0.02831745147705078,0.006021767928010131,tanh,1e-08,32,[10],adaptive,0.01,0.0,adam,"{'activation': 'tanh', 'alpha': 1e-08, 'batch_size': 32, 'hidden_layer_sizes': [10], 'learning_rate': 'adaptive', 'learning_rate_init': 0.01, 'momentum': 0.0, 'solver': 'adam'}",0.8186753528773073,0.8424769147202608,0.8310700706137969,0.8180336773492667,0.8337859858772406,0.8288084002875745,0.00933266416388738,32,0.8435632808256383,0.8429056347589953,0.8427698574338085,0.8453496266123557,0.845213849287169,0.8439604497835933,0.0011125385959849785,0.7611336032388664,0.7775987107171636,0.7711038961038961,0.7533490937746257,0.7790697674418605,0.7684510142552825,0.00984975693188544,4,0.7825286415711947,0.7743283582089552,0.7750499001996008,0.780517380759903,0.7842655193607867,0.779337960020088,0.003983362660576288,0.9601634320735445,0.9856996935648621,0.9703779366700716,0.9775051124744376,0.9591002044989775,0.9705692758563785,0.010167528342165777,35,0.9772611139499233,0.9941236586612161,0.9920797138477261,0.9864623243933589,0.9777777777777777,0.9855409177260004,0.0070155510026683665,0.8491418247515808,0.8693693693693694,0.8593396653098145,0.8509123275478415,0.8597616865261228,0.8577049747009458,0.007244694228208389,34,0.8691206543967279,0.8705671775366371,0.8702375616315554,0.8714882094099063,0.8703956343792633,0.8703618474708181,0.0007573639053914343
31,42.36789975166321,14.763298778751091,0.038082122802734375,0.006657623824573033,tanh,1e-08,32,[10],adaptive,0.01,0.2,adam,"{'activation': 'tanh', 'alpha': 1e-08, 'batch_size': 32, 'hidden_layer_sizes': [10], 'learning_rate': 'adaptive', 'learning_rate_init': 0.01, 'momentum': 0.2, 'solver': 'adam'}",0.8224755700325733,0.8408473655621944,0.8256382400869093,0.8185768604019554,0.837588267246062,0.8290252606659388,0.008679016876827416,31,0.8449212384573601,0.8351663272233537,0.8427698574338085,0.8468431771894094,0.8343516632722335,0.840810452715233,0.00511280166811233,0.7554858934169278,0.773524720893142,0.7701149425287356,0.7600969305331179,0.7748987854251013,0.766824254559405,0.007677737258515905,14,0.7746730083234245,0.7642913077525451,0.7789473684210526,0.7866694095865049,0.7697697697697697,0.7748701727706594,0.007665649137160009,0.9846782431052093,0.9908069458631257,0.958120531154239,0.9621676891615542,0.9785276073619632,0.9748602033292183,0.012692193626376788,32,0.9987225344915688,0.9974450689831375,0.9831374552887072,0.9767560664112388,0.9821200510855683,0.9876362352520441,0.008810954918894436,0.8549889135254989,0.8687863860277653,0.8538916704597178,0.84927797833935,0.8648892905558067,0.8583668477816279,0.007282228184356713,33,0.872544642857143,0.8654400354688538,0.8692116557488142,0.8714676390154968,0.8630751964085297,0.8683478338997676,0.003587438512380627
32,28.099147367477418,4.299024279128331,0.036742782592773436,0.007845239810052173,tanh,1e-08,32,[10],adaptive,0.001,0.0,adam,"{'activation': 'tanh', 'alpha': 1e-08, 'batch_size': 32, 'hidden_layer_sizes': [10], 'learning_rate': 'adaptive', 'learning_rate_init': 0.001, 'momentum': 0.0, 'solver': 'adam'}",0.8246471226927253,0.8332428028245519,0.8354155350353069,0.8115154807170016,0.8359587180879956,0.8281559318715163,0.009259351201975118,35,0.831205866376969,0.8290563475899525,0.8313645621181263,0.8343516632722335,0.8295994568906992,0.8311155792495961,0.0018483206470190998,0.7538699690402477,0.7637362637362637,0.7644757433489828,0.7399239543726236,0.7678288431061807,0.7579669547208596,0.010151268410193122,36,0.7599766400622932,0.757817051854729,0.7596191216478818,0.7634408602150538,0.7586542201478024,0.7599015787855519,0.001924218561577538,0.9948927477017364,0.9938712972420838,0.9979570990806946,0.9948875255623721,0.99079754601227,0.9944812431198313,0.002295980594811365,3,0.9974450689831375,0.9969340827797649,0.9987225344915688,0.9974457215836526,0.9964240102171137,0.9973942836110476,0.0007645509380987794,0.8577719066490533,0.8637372392365734,0.8657509968985379,0.848669864805931,0.8651785714285715,0.8602217158037334,0.006433492029799692,29,0.8626671086067838,0.8610835264261282,0.8629139072847682,0.8648947951273532,0.8614331456332118,0.862598496615649,0.0013439014798548921
33,30.76441855430603,7.553102191655197,0.028232574462890625,0.003673334374509728,tanh,1e-08,32,[10],adaptive,0.001,0.2,adam,"{'activation': 'tanh', 'alpha': 1e-08, 'batch_size': 32, 'hidden_layer_sizes': [10], 'learning_rate': 'adaptive', 'learning_rate_init': 0.001, 'momentum': 0.2, 'solver': 'adam'}",0.8257328990228013,0.8321564367191744,0.8354155350353069,0.8158609451385117,0.8348723519826181,0.8288076335796826,0.007331171633637337,33,0.8325638240086909,0.8281059063136457,0.8325865580448065,0.8362525458248472,0.8267481330617786,0.8312513934507537,0.0034260795960439857,0.7546439628482973,0.7609034267912772,0.7653061224489796,0.7452033768227168,0.7674603174603175,0.7587034412743177,0.008047972673844028,35,0.7617652802187073,0.7558948589099342,0.761969904240766,0.7653281096963761,0.7568619817013821,0.7603640269534332,0.003504918087563313,0.9959141981613892,0.9979570990806946,0.9959141981613892,0.9928425357873211,0.9887525562372188,0.9942761174856025,0.003208773206522139,5,0.9966785896780787,0.9992335206949412,0.9961676034747062,0.9979565772669221,0.993103448275862,0.996627947878102,0.00205868136264552,0.8586525759577279,0.8634555899248785,0.8655126498002663,0.8513809732573432,0.8641644325290438,0.860633244293852,0.005172447963974163,28,0.863530713890426,0.8606954225352111,0.8634702690731924,0.8662971175166296,0.8590366769774636,0.8626060399985847,0.002514628338811205
34,56.16566853523254,15.593072190365469,0.03735384941101074,0.006842408995621174,tanh,1e-08,32,[10],adaptive,0.005,0.0,adam,"{'activation': 'tanh', 'alpha': 1e-08, 'batch_size': 32, 'hidden_layer_sizes': [10], 'learning_rate': 'adaptive', 'learning_rate_init': 0.005, 'momentum': 0.0, 'solver': 'adam'}",0.8246471226927253,0.8397609994568169,0.8403041825095057,0.821835958718088,0.8430200977729495,0.8339136722300171,0.008828328805632606,5,0.8432916892992939,0.8401900882552614,0.8411405295315683,0.8393754243041412,0.8400543109300747,0.8408104084640678,0.0013624532787638686,0.7599049128367671,0.7835820895522388,0.7751004016064257,0.7503852080123267,0.7731958762886598,0.7684336976592836,0.011790548866313045,5,0.776,0.7790010193679918,0.773415703467517,0.7681586179819395,0.7695489462280874,0.7732248574091072,0.004007018605826483,0.9795709908069459,0.965270684371808,0.9856996935648621,0.9959100204498977,0.9969325153374233,0.9846767809061874,0.011662767447238265,23,0.9913132345426674,0.9762391415431784,0.9915687276443536,0.9994891443167305,0.9979565772669221,0.9913133650627703,0.00822524236217517,0.8558679161088801,0.8649885583524027,0.8678057553956834,0.8558875219683656,0.8709245198749441,0.8630948543400552,0.006184765834593127,6,0.8705407224590532,0.8665381562535434,0.8690103000447827,0.8686868686868686,0.8689946619217083,0.8687541418731912,0.0012830007825776972
35,51.623383140563966,9.181624807335403,0.03472781181335449,0.012332039003243835,tanh,1e-08,32,[10],adaptive,0.005,0.2,adam,"{'activation': 'tanh', 'alpha': 1e-08, 'batch_size': 32, 'hidden_layer_sizes': [10], 'learning_rate': 'adaptive', 'learning_rate_init': 0.005, 'momentum': 0.2, 'solver': 'adam'}",0.8154180238870793,0.8457360130363932,0.8348723519826181,0.8212927756653993,0.8413905486148832,0.8317419426372746,0.011613651278432242,17,0.8446496469310157,0.8395112016293279,0.8412763068567549,0.8448065173116089,0.8403258655804481,0.842113907661831,0.002206937636293834,0.7582861762328214,0.7773343974461293,0.7719580983078163,0.7525291828793774,0.773524720893142,0.7667265151518572,0.009580352760844145,16,0.7819625407166124,0.7697472353870458,0.7737881508078994,0.776536312849162,0.771134428825975,0.7746337337173389,0.0043397979330117575,0.958120531154239,0.9948927477017364,0.9785495403472931,0.9887525562372188,0.9918200408997955,0.9824270832680566,0.01333773493433159,26,0.9813490035769035,0.99591211037302,0.9910577414409811,0.994125159642401,0.9948914431673053,0.9914670916401223,0.00531211773331235,0.8465703971119134,0.8727598566308244,0.863063063063063,0.8546177640300486,0.8691756272401434,0.8612373416151986,0.009571374595344063,25,0.8703829594380241,0.8683448429494319,0.8690489526156604,0.8719614652178783,0.8688378318090564,0.8697152104060102,0.0013102022028098918
